feature_0,feature_1,feature_2,feature_3,feature_4,feature_5,feature_6,feature_7,target
0.18985291006333638,-2.853724333474166,-0.9631441174041762,0.31818128457817,1.2843531782256652,-1.2284438312657626,-1.0740273879437814,-1.8311448783383502,0
0.9997776221443948,1.4364180609082342,0.4823811597366997,-1.5860995810599103,-0.6342952955734563,-0.39352985596972884,2.602928645773437,-1.1195461283831687,1
2.8327800893646486,-0.7612512185075357,-2.1597330449132066,-0.23586172356161395,-0.38324008318772385,-0.3220281544920584,-1.7343614197962078,1.6147787907098514,0
-1.9375716302148769,0.6658052443469802,-1.5001878399436688,2.501382840497393,2.006982221925343,0.35947579754712555,1.8574155817438662,-0.47875857152168855,1
-1.0402991953119143,-1.9836502961873896,-4.728987719679379,4.836234677563581,3.758708846819417,-1.9685042134380537,-2.06533833303297,0.03471374875256186,0
-0.49490773800501286,-0.005517967878073571,3.0557952294935538,-2.759085409216419,0.28740296306486357,-1.5457297866907331,1.595739466407145,0.9137716213855857,0
1.452791564760785,-1.029600784845083,0.8077470058618661,-2.3133673891680284,0.14392806279219328,-1.8831502080585838,0.41146795445009166,0.7127120288613313,0
0.1914622420587,-0.9510650933441838,1.868522343287696,-2.4835745980669004,0.5565573242166482,-1.385987942398998,1.6808636178618053,1.9725421767898081,0
0.678816542761387,-0.8572617563868069,0.861279434910166,-1.9302474091410118,1.2426171401347927,-1.2845842656999693,0.9345948516675116,-0.7170161491279362,0
4.004646599766421,4.993322719977795,-1.2430608408381691,-1.3771425720153518,-0.9812793415944665,1.6562082520572956,-0.8434665469322378,-0.7352010347632466,0
1.702511351487795,0.2849694967382024,0.9992013412095553,-2.461165539316743,0.7835851548168504,0.1722543864110375,-0.34203109814603394,-1.1793691216326172,0
-1.1101210747955936,-3.1293373639055435,-1.4156004860432896,1.5799676691231777,1.0024061194024203,-0.5849076534177698,0.45690435659743034,-0.8463597198869729,1
0.7030054305037401,-0.40156739322477686,1.5106008300586677,-3.2643559968602203,3.153527923196157,-0.37630072492499606,3.149388666772861,1.088769654216672,0
-0.08784499820789526,-0.6876730003438983,4.579841559862151,-4.9485257145638375,1.2147608737648448,-0.8049664808525608,2.3877449753107305,-0.1115088271429437,0
-0.22222924383517895,-1.471446181869702,-0.7926848379983182,0.6746399422146337,0.07650096299472098,-0.03757064497948127,0.11857662096295907,-0.08923415422144892,0
0.7064205612319305,-1.735655377287377,-0.14569269204426194,-1.0156059388037761,1.6274470160217755,-0.1373109657888796,-0.015806663091917805,-0.6076463453734726,0
1.461704796035435,-0.7935030458046264,0.5919719712269023,-2.452773355928964,1.3110456913590716,0.13906039865341766,1.2400054513675245,0.861636124497944,0
1.6408026773429794,-1.1447992224936614,0.7853236881637284,-2.934859253080927,1.547058272073475,0.41644603810145264,1.4879283180814786,-0.36146276669398575,0
1.350857441471699,0.5496545069678738,-1.4810527974238206,0.35870637273953726,0.4192135312704207,1.1918993344135729,-0.9080776890873943,-0.7393714074590363,0
1.6588973963601246,0.25782571964298096,3.2150078520616185,-4.625492076283876,0.18477915861912242,-0.7284616216803428,0.8461887027217563,-0.37185788227866556,0
-2.566685802269739,-3.304529843224266,-3.0669517754857556,4.261088421133592,0.5522319795313368,-0.7469232850701676,1.3703937592515176,0.0861108682589779,1
0.87206119837872,-1.2104534755739553,0.7423366155907977,-1.6163253696909747,-0.9486838138490801,-1.0773760769847582,0.5703474432695523,0.8794170411374032,0
-0.42196177110466704,-0.08711234527451972,3.841164934415239,-3.849264345088767,1.3262059312894516,-0.3748220566218061,2.16561337972615,-2.9069882193216414,0
1.1929822852229999,-1.4699333333739455,-1.1401278912126873,-0.9762779841308181,3.666180819002058,-0.5639474880582432,0.6893229432312034,1.105900424357309,0
1.1849117352329739,-0.9067969456142655,1.3185069398877736,-2.964289279391922,1.5695966090587818,0.4430021304473752,1.3925299588445736,0.041325632270618466,0
0.23610519315312728,0.05416324589686572,-0.7907457427267194,0.6276782740234894,1.6819741303788158,0.1755362295785979,-1.7449703241490164,0.30170000890173554,0
1.316853101423458,-0.4183076327718859,0.9779293936805153,-2.795232130944907,2.3725759643289566,-0.7331561971099966,1.2491089344703392,0.44130715169924584,0
2.0202528186581272,0.38873230343549725,-2.835617789292135,1.2562068232841799,0.9796666239672719,0.24312345851289308,-2.6127899882597747,-0.06263957732723487,0
-1.0262556462492007,-1.4623529808205205,2.395785937012022,-2.416041432528485,1.552666143363748,-0.8729610904537004,3.106727638660441,-0.21566763754763232,0
0.7362390304804842,-0.050827310016290705,-1.5046056364379843,0.8307953862239406,0.8926545968864157,0.8232799156777053,-1.2017843711210685,-0.8130143722601298,0
-1.16389008844843,-0.12326393212364906,-0.6957687675851021,1.2210771300834247,1.1288227844364782,-0.46458107811561833,1.2429168032114994,-0.19692180799688955,1
1.2507060234279137,-0.29001991756211454,2.9931321130155855,-4.6727625027517155,1.6608145081255743,1.1727568452674448,2.247796821591938,-0.9046143749937661,0
2.327521800555288,-0.30706125962166064,1.139293148033613,-3.4976970425999023,-0.3408892551572401,0.12307820165618115,1.707072587638922,0.6405429350747734,1
1.388144676445518,-1.6820037755259172,-2.158065980813727,0.9261471011344913,-0.05551888738268129,0.20760335140062577,-1.9865900861760137,0.9577916144729056,0
1.6866060918476502,-0.4984367591192893,0.24025600424787208,-1.5092695574300488,-0.24379344833259298,-1.031955242094435,-1.2251260179063606,1.2347519140447951,0
0.9311255806838445,-1.148015783327944,-0.6120628161659272,-0.5692720962004276,0.38513967479058675,1.3305749040390402,0.30138652549697587,-0.7801991291174627,0
1.122137640295668,-2.13406560335504,-0.13442355611826817,-1.1296145157603497,0.5001218626585733,-0.7746149700185819,-0.7053791921624009,1.9234457948249533,0
3.9230549060556967,1.3504691108298559,-1.2387838690191872,-1.6574868951123138,-0.921619297243401,-0.30561911106831297,-1.770743932501017,-0.3883469383011584,0
-1.3905684814071666,1.900848972347196,-0.4555035477919126,1.3202644713063043,2.259663679830063,-1.5118834195632136,1.2466198898609266,2.0931979322099448,1
-1.4272959286497162,-1.088371689434733,0.3432716694332565,0.2623496925592304,3.5885280994882534,0.29724427338012405,-0.1568387815535709,0.18932830729237413,0
0.848338734345929,-2.860229206267653,-3.1150236297626157,1.9400006213593188,0.37318698837288045,1.653617268492285,-1.4745072026687287,0.31952467078295543,0
0.6922463463083346,-0.9530812260330679,-0.7170911906049338,-0.3428734518309621,1.9626145160108819,-0.7160434362758403,-0.35073899252145635,2.3490757867007575,1
2.2891125617289863,0.9498395616806752,0.3410176709625573,-1.8723439438146119,-0.8528073168005216,-1.222895019555564,-1.034466590177339,1.9203675021442612,1
-0.2487545187544351,-0.5638199006934052,4.2027303973580565,-4.593887287459552,1.8882144277890807,-0.4114931445621802,2.609229589371483,0.07268052432934134,0
0.3005647919287311,0.3995051923334578,0.6758278798998893,-0.8703675056597997,-0.27869848922330487,0.7938184671438157,0.3806355736171525,-0.43277388358838864,1
0.7585110515783027,-0.3380358319830341,3.588791253857626,-4.699034399173752,2.027749458360845,-0.14702542343084998,1.565377477710182,-0.5501152829365389,0
0.5413156314344527,1.8342221950246018,1.6392301667689284,-1.835537467354946,0.5612958143676673,0.5913492417584003,0.09335263935887883,-1.3957892021924851,0
0.14295833912761002,2.795954007446923,1.929063833460194,-1.8694238826117617,0.18467857172572733,0.8723153800284503,1.6231233113707968,1.0294574815983573,1
0.08186040177412857,1.3575022880583072,-3.156866442574128,3.0427894295408704,3.3632598057046548,0.5825713188088052,-2.5585139391025904,0.6928575842374367,0
1.357349140742531,-1.5946347715827764,-3.248371527799422,2.014759211018087,0.09791220462993844,-1.4769249275319014,-2.30529006767782,-1.0973683189710666,0
2.0317090865947613,0.16709538369449373,2.4428573077545996,-4.62263881101955,2.4095086017705816,1.4363354057059785,0.8572264240668982,1.186734620177331,0
2.5943012663247385,-0.5433735742893244,-2.151320262569758,0.16226467683789678,-4.7102725616072085,-1.3158158164275071,0.768939524488533,-1.4359095238685275,1
2.4669444008351666,-1.0087009804989429,3.6376693906822846,-6.099398864601036,-0.10218608993775513,0.3796396483859655,1.859760910530527,0.42934082280173436,0
1.6854581171681562,-2.607252553631471,-3.1426914316979495,0.6280205607509035,2.0365519468046482,0.6952029000839993,0.1834002919426212,1.3705361439967134,0
-0.29723257606972664,-2.2312916467625055,-2.3032786031118535,1.8794911271410255,-0.9278630836202846,0.6986888135170435,1.534048303390355,-0.5898923177556078,1
0.4064902279987961,-2.9769422461868675,-0.2292303445563978,-0.704108038525203,0.8647968348831586,0.23184209213484805,-0.13704930730191023,-0.20035257779416388,0
-1.228016828510732,-2.7976936142573496,-1.4539872453038518,1.9266446340326457,-0.8558209427875334,-0.4303093199546424,1.1216551175944176,0.508608373233442,1
-0.24277413251186197,0.8555624158828621,-0.03496602415650052,0.1742452433259242,0.13183067757383438,-0.24638340251454802,0.8473320183553533,-0.29737607924310644,1
-0.5267173926293351,-3.4155924589635265,-2.502649328522689,2.3561722753762995,1.0942381290703467,0.6333268260712385,-1.2061059553159688,-0.48827384245154465,0
0.6532751173456468,-0.505080151941329,2.528797835185646,-3.0204430254776815,0.38904035718586505,1.5905820726178503,-0.1563829566175261,-0.28438464960650933,0
0.2864731802215599,-1.9955791748023,-3.2741505846228134,2.447354318986375,1.55942318980455,0.8861911885847956,-1.0944318840849445,1.3510728924131392,0
1.4171153313833007,0.03991294542935109,0.5515980511199634,-1.8226641660096314,-1.788047063738159,0.35147990035220167,1.5601837547522388,-1.372859451481064,1
-3.000029275289839,-2.173785091949717,-2.7944599158598593,4.0769393440700545,1.5287904697666397,0.479827035366833,2.924265303236554,0.01282864354368512,1
-0.6116081865842736,-2.9571969765156374,-1.2907026715079555,0.7025661574036359,2.8798713181168587,0.4197056083572659,0.6341537797659369,1.8688178405438531,1
0.4538532345705868,-0.49477289232990296,-1.4293619756392357,0.9201078652718198,1.7759464630443889,-0.8852486861242225,-1.726862620300886,0.31635832153614474,0
0.9085568897796571,-1.5035871006146289,1.8842792873506489,-3.1167697534267407,-0.1966100776116595,0.3131321400131553,1.7440604279076721,1.3764964500195378,0
0.22492901625026118,-0.6423312073077014,2.860371878492055,-3.5076009125908723,0.26524983577107275,-1.0257526836402773,2.487212601897629,0.216624975404619,0
0.6595797552374167,1.0098225390572804,1.6881542023624867,-1.7806513188320012,-0.9630206945978195,0.45780560992578473,-0.294809475541403,-0.12373268009975662,1
-1.2995339588833392,2.7512517947788786,-0.012081582228990029,0.8957602690369502,2.640609187687466,0.3639706308527381,1.2407288550263273,-0.0681234251679531,1
-1.8266978944375327,-0.14573666828341858,-0.1568551995293309,1.1013196314466296,0.44269893736952115,-0.29175863225853715,2.764653149219914,0.7595148874861078,1
0.8965070978983967,-0.8547538581186442,1.8685750212757957,-2.9420925645795624,0.60927557489496,0.47543068252662346,0.88994272833559,0.43477006455689116,0
0.13732503547731956,1.4860353840717266,1.4595607106322794,-0.9139431495750279,-1.6556599602211124,0.3123782104665717,-0.3180335699548478,0.3733485597113982,1
0.12681720829445697,-0.36232862899070417,2.366122573967455,-2.226327345046327,-0.9104184710851837,-2.4878086565350794,0.11855714969664732,1.4185313451480366,0
0.3038572775603694,0.03082808989632535,3.8557824350560352,-4.4870159758991255,1.7209044780887788,0.7123221595801621,1.8199226286216352,-0.40968659262949736,0
-0.4855645347515395,-0.7957779583467628,-0.7601873835159783,1.0485944324315404,-0.5003708194846357,-1.0916251721591026,0.23735171533067967,0.20953423026279433,1
1.1919697926532478,1.4957262168280048,0.5412644793623882,-1.4965045330410855,1.011479220945279,0.14506374595938162,-0.06899302259156948,-2.018487864388638,1
1.2933529177327734,-1.362414397386018,0.8272333759272421,-1.9703344290893718,-0.5615862663372806,-0.5321685631271895,-0.30513242091723924,-1.2926253471522626,0
1.3846175270079646,0.5073503830831803,3.731869923790979,-5.095010134699369,0.1748386720212266,-0.9040682897360003,2.145798875875564,0.19613145902390733,0
1.080539638439189,1.429812500230177,-2.4425242014940247,1.674133793089454,1.6986178322913714,-1.3327773974796497,-2.1322877957031263,1.2495049007061587,0
0.6110098767879673,-0.4509443081740856,-0.7985836940346585,0.0497738170191939,0.6976256713944607,-0.5244481362626519,-0.19648138768779044,-1.6566232076777738,0
-0.16989054765279876,-0.584002148725781,2.568256118525951,-3.357104206366908,1.9300555017851737,-0.6946003691631446,3.48842017914546,-0.45909031021899177,0
1.4242822094686205,-0.2255601728743668,1.3017469600205345,-2.1077419912431914,-1.6207631956139514,-0.15024298879825998,-0.6739175649059916,0.0731969910016945,1
0.8518363021280182,-2.337431471004453,-0.8699391847525888,-0.5807235106358437,0.5943218398738619,-0.5152183938082427,0.8183268725273676,-1.0105982199289134,0
1.0822211355799545,-2.639498177967953,-0.6825001012379466,-1.116611631184926,1.0465138567217758,0.4559041951707027,0.9994266546847871,-0.6065033882157397,0
1.51316443936564,-2.47128253159166,-1.938581109844371,0.34753676058139393,-0.1511873771860477,0.8936976893891109,-1.2270576118491379,-1.1967886464263116,0
1.155136793407768,0.06903301027490838,3.3564000590548333,-4.883635383786093,2.6765890234500116,1.3845320475939062,1.556608797804812,0.2525688459966235,0
0.8517786531323737,0.17390567848052974,0.09423329683760107,-1.2822851763897911,-2.0029871207282746,-1.2578681559088878,3.6302113892867838,1.1927351654164144,1
1.174745604954626,0.2661649679666236,0.718004049467069,-1.6670586984007558,0.5943755851379704,-0.01109200394860206,-0.4965423351198456,0.32208231076698546,0
1.4801653855390309,-3.092103825000628,0.8704218574790192,-2.4729386233303776,-0.09260586995290043,-1.1840305582225594,-0.47453344733200986,-0.39767969361460404,0
0.21207162097481735,-1.6159135710807149,0.7335086616487765,-1.2792955027339614,0.46295798512172415,1.494938227453236,0.4647940297522595,-1.7312013034449254,0
2.450240693081766,-1.574125943917932,-0.35494151519927786,-1.6954753130890763,-0.29053907727783956,-1.8579014513982872,-1.7077791947369563,0.22899639245934025,0
3.0147217767070127,1.9943933870089592,1.3263216762617858,-3.2936756084130927,-0.7724586754852318,-1.9689231424160831,-1.0200781629431939,-0.6922503292658964,0
1.4165800771742705,1.6930308923123703,-0.08553747108993615,-0.8176755025226683,-2.271387795418956,-0.41521376790527154,1.1149308340527142,-1.3495762115515322,1
-3.4660709804341914,-1.817494404470051,-3.0261871799657434,4.741375947480508,1.5532651665598032,-0.626315276183007,3.0020058328582584,0.11053531747394013,1
-0.45514503610371104,-1.4334710076423254,-2.677795087997294,2.7035018052771616,2.3714681761255285,-1.611567359102828,-1.9645298836180913,-0.3464265060068996,0
-1.2328709703392624,-1.5157478752904878,2.8392511093116637,-2.414232318742642,0.5684016239686696,-0.09884520123930605,2.7597725867233383,0.19548173155329082,0
0.6610822532307947,-0.8716878353320936,1.5692082602561466,-2.969510350514045,2.765970181817903,0.8890371222798921,1.6630432490449387,2.2724347204468818,0
2.565017603352865,-0.8431214147794266,1.5014803285067178,-3.4545419745136225,-1.1543723111128275,0.2063617713254507,-0.8081159854877868,-1.0196953197088567,0
1.1555547894326108,-0.4021843411815176,1.3516113155079736,-2.8324479640458375,1.585311486146216,-0.048088507330772585,1.0944720209235101,0.8155010224442626,0
2.04659758707243,-1.1488798805266265,-0.4760994417763218,-1.4648545445578844,-0.5301580315997092,0.4182057558879721,-0.09637025410588262,0.4258436586298291,0
3.5924566273226666,-1.1709211454274588,0.38487381236256923,-3.361756505287845,-2.1054126795493664,1.2718924219386565,-0.2627235811430312,1.0703651602299298,0
-0.21696194123607038,-2.985056254482762,-1.4879483835912106,1.0788793145280162,-0.005133162761840726,1.127908993253569,0.21555874139491749,-1.1274960989530387,1
2.9316838982943185,-0.5780146627368032,0.85907655235715,-3.1776675041571205,-1.1502529215081365,-0.13006029355362003,-0.6964392952831678,-0.5561187467607805,0
0.9481666208581829,-0.23629041979461762,1.483311569076668,-2.0996859780007964,-1.2625401200379784,-0.9478927172689863,0.22905400262922648,1.897767016745977,1
0.6610025539601961,2.4394531934109507,1.4621079847055367,-1.6970826737753038,0.09948302448982482,1.7031726099180378,0.47098027882213267,0.9955815140020298,1
-0.5075416946835463,0.5879313407461273,4.309180001467237,-4.3013546590416185,1.6757291381825439,1.2496189052966666,2.826260938878084,-0.8468509661253646,0
2.3482349418405724,0.1833587373393235,-2.167407144040195,0.36823511311894347,1.322069359815815,0.1825010305992134,-3.1159637626200545,-0.04489303012253698,0
0.3438720049323608,0.7676105738102315,1.78082722778547,-1.648696899109981,-0.8346231392283516,-2.0864776583710847,-0.24833525627533626,0.007178466907941942,1
0.5317909834339799,-2.2574716049926096,-0.0682234152133977,-0.9264069833391863,1.5222379228128546,-1.9080021371233076,-0.31402050735813103,-0.7999405067019342,0
3.362080810136683,-2.415943199028577,-1.7763856761782737,-1.605071288577349,0.6638526272830326,-0.03901951937754412,-1.1400452123643188,0.7793490039053323,0
2.4984953879098306,-2.734678167398622,-1.6313962465437406,-0.8392002083838895,-0.4488170035755814,-1.0240285908863795,-1.1006932402217684,-1.6826586941226858,0
1.3850989235975144,-1.0657673636987341,-2.7515588732367537,1.3104535539752473,0.6533355400578518,0.5212799050138145,-1.321996217461353,-0.7146806769904318,0
0.7168217882469331,1.5072592388095694,0.06018116523386463,-0.7551105125890354,1.3195940455287989,-0.4151002889633696,0.3091745720591885,0.9324348709546673,0
1.321939824236789,-3.438389085025568,-1.6126418088678278,0.19149503817687588,-0.1953762072802312,-1.422974925261673,-1.7325735166420875,1.036087651046256,0
-0.2786193776514114,-0.8305074905865648,2.3132805058219574,-2.1184731880860945,-0.4026891923466751,0.7214793237573432,0.8391330674680333,-0.7353034606819523,0
2.235231767737936,0.5666083244157072,-0.5215948847904226,-1.2674929740680378,-2.148601058467422,-0.1581538443723203,0.7854330832954342,1.0126374096440718,1
1.6398796287916704,0.15344573827886987,-2.4336157756640855,0.8988416724107402,-0.3454790010819664,-1.433151814524712,-0.2454439388782933,-0.14994071907910936,0
2.4357050136448253,2.4501836994395925,-0.24355599298923802,-1.5067986648349048,0.16933618049977095,-0.12372894627483615,-0.5731495595770033,-0.3828171896129687,0
0.26386100804843426,-1.0334232838287962,-0.13807803400017815,-0.25687467363832445,0.8719546263837685,-1.803862792562365,-0.681937012093828,0.32445860435251705,1
1.2698946255416441,-0.68793046490086,-2.017976019601487,0.7972214710704053,0.4187489725358793,0.8107986455917099,-1.1605905587383079,0.6549755842216898,0
0.48893648794861355,-4.001780374777018,0.8241264247693563,-1.7211921408759319,-0.1922169700284706,1.638359732270941,-0.17928689022427347,0.6188862980231536,0
-1.7400864665067246,-2.164677426771059,-0.5678271744034262,1.3584450040752536,3.1456848461374753,-0.7047284356108838,-0.453998350012802,0.5720062783004729,0
2.3957050452186377,-2.8869703029890026,-4.304748904849194,1.65153098362935,0.9190142057288935,-1.0211624575603002,-1.9316918657725441,0.9515497705740428,0
-2.847938296751167,1.4487652612218769,-1.766502892457076,3.637736851058115,1.1348510423230198,-1.5656480316055963,2.712497525564083,1.0973001875437087,1
-0.21388172717674148,-0.10056573944930569,-0.17493465232059124,-0.029628964569281564,1.8010065450197448,-0.5482002981667726,0.3670796032199588,0.5531491563792091,0
2.714041736048137,-1.1938325736946396,-2.0630733441327145,-1.100027407019132,2.358390982988962,-0.3780078990182172,0.026319558085377337,-0.8783230771797389,0
2.205533638434593,-2.15564597325238,1.0008109723209975,-3.051549805762537,-1.2695825588015412,1.4473056993918065,0.1522422005591213,0.5062409893059261,0
1.2494445038361341,-1.137208814184975,-0.36297989181266965,-0.5915866467908202,-0.5919596470609547,-1.6873443471107104,-1.2605077919460772,-1.153332403205745,0
0.7506925342333018,-0.5927314756080322,-5.629674020875663,4.720106546914339,1.2026977810524413,-0.7788370428204348,-2.2857983419434946,-1.500221861446936,0
1.4964109038216507,-1.37076844681051,2.1420942100235636,-3.571226245213377,0.033859363997187364,-1.423682636883923,0.20917901186206578,2.169936588080543,0
0.6664413187371571,-0.5445358085493552,2.0061362118347756,-3.105836635517044,1.3278786229838855,-0.06418416128881928,1.7029886444028683,-0.3613105619672905,0
-2.323680245156419,-1.3307294071180997,-1.1567709696086979,2.3728886827308138,1.3056727348077939,0.30698107268623775,1.74815453644885,-0.009288561567815747,1
-0.14856430947744692,0.6207744439934033,5.4421086039762,-6.05429879240546,1.626825746816983,-1.3367254388759306,4.690590057975285,0.17528677893392386,0
-0.4235226222292672,-4.424046876129329,-0.35380471815985226,-0.051212518801129404,1.469342219865385,-1.5304614097433769,-0.6195739734343828,1.558789184496894,0
1.7783860253990444,0.1160753619975401,1.0078910918338668,-2.3550843820555176,-0.4540055070025557,-1.7476365098282616,-0.38087918629223627,1.7120402840178925,0
0.6675726022935767,-5.330865424937081,0.9784018600546389,-2.4427994455140434,0.6845200898058594,-0.6113852473886282,0.20087089318493057,-0.5806483025539511,0
-0.3667007251527483,-2.093526286092166,-3.98033267775755,3.5451103154925376,3.0774736836493735,-0.2215132629521239,-1.6484304069361495,0.5169465157483709,0
0.42758387794542607,1.2232929860961135,1.7027079999027905,-2.050904037949495,-0.10889830402413547,0.33260751032419755,1.3840546035724883,-0.5717460419560614,1
-1.1263292028928795,0.9076886004084566,-4.839058422078569,5.644459912874458,2.9554910083536323,0.4281862478105761,-2.4050273682272323,0.5376299029498797,0
-2.404521999474064,1.2341598733468144,-1.0843551531070281,2.482325396225788,2.743662957828813,-0.47741070619280046,1.956856261585237,0.5265366836723071,1
-0.6309657356091782,-1.7809034985869068,-0.27520196274184916,0.19838075545655576,2.2082941301643695,1.356583385827982,0.017998823857956703,-0.29424250563645765,0
1.1892991131649973,-0.5056025526011423,1.378631760774571,-2.712000556226548,1.5298718807562723,2.3200407220172594,0.2446002905843807,1.1218578562304709,0
0.4055828873228918,0.32553090572843124,-3.2406871412917724,2.6658544474446675,2.267279261928881,-1.4068150094975382,-1.686704469180161,1.3254321090950785,0
1.695701231263981,-1.3127841726517615,-1.7507584239074343,-0.164203874851626,0.5908825136117914,0.7211353625455816,-0.16867063677601735,0.8814075289235711,0
1.2232936134800012,1.1074565407265085,-0.9078154994566392,-0.1427465437045901,1.8203348565681234,1.00163182520856,-1.163429305152226,-0.39305275706140097,0
1.3707129896052817,-2.170295473167145,-1.6755846758144082,-0.45373547826863986,1.861645594024588,-0.6141225650083162,0.6775574920749854,0.1455211977682408,1
1.4143700456566066,-1.564532879987763,0.1318313864473809,-1.9553590838997805,0.967997405875176,0.5540577711159071,0.8204418264435885,0.07959786237603639,0
-0.41808616994891934,-0.4861773114380574,-0.2700384949502228,0.48767446844947104,-0.43519990266235187,-0.8877695115385407,0.6297437830552794,-0.09170602414512598,1
0.025810229759270387,-2.023622604735853,-2.2180784244243403,1.7570167468915974,1.3502904597295187,-0.24066517453021302,-1.1821577183920273,0.25719897035592737,0
1.2391823930807615,-4.091655429873027,1.1409546244149862,-2.794823099256666,-0.4928502195038118,-0.6298845523638104,0.4859918391655791,-2.704391631602775,0
-0.8328725961197609,-3.0704598054272783,-0.3954644151370479,0.32924239460476384,2.9609894373395536,-1.1022697404558555,-0.6837726198347411,-0.39719531614598763,0
1.1680246800757323,-1.3903370815714982,0.30070498273072843,-1.3723934064652443,-0.4508203946039193,0.7835896647986067,-0.40872210452552404,-1.8518427315746586,0
1.7223130581227628,-0.18424839092347522,-1.9006188557753505,0.6594971352510254,-1.0063691155313,-2.3161438629688766,-1.5033618740143198,-1.1996975283653082,0
1.09680967863782,-1.6630280861239624,1.0571553278242072,-2.7894622658017547,1.1121334228270017,-1.5975991695954321,1.8911307773216386,-0.9245641143780999,0
0.49796742294949103,-1.6442237026351973,-1.3171989797300596,0.28762150883890336,0.947852631250811,0.17775010626803134,0.38611648047359515,-0.5258796758952039,0
0.8451444217468322,-0.1404077934628427,4.083301092855288,-5.404879989052185,1.8034394339920048,-1.7518288067517191,2.675124983592143,-1.1543626682329844,0
1.4929756391749678,0.35597074350303237,-0.6586972623541594,0.12458072301097523,-3.4806846906158686,0.2869558543017087,-1.155157311134643,-1.270061088712032,1
1.679404226498682,-0.6321422212401715,0.9576005483141299,-2.566384613631996,-0.09194107232644777,0.31318447386498,0.4488111266798771,1.3286408282482312,0
0.3886220250322657,2.2839267628076234,1.6330072957261046,-1.8442585090220287,-0.43244838707799194,-1.5678594253654559,1.8576914505484492,-0.531454551359215,1
1.1631434432249037,0.6923406830495642,-0.21341989806423345,-0.42326343101504654,-2.390500707033707,0.5827375831738644,0.2854532336635398,-0.6220348055543814,1
1.9795069078477965,1.7025648211172815,-2.333059370251311,0.7966127034209662,0.8422773780928017,-2.390304367469438,-1.4473444569218747,-0.5969742867210739,0
0.713159371718102,-0.885690863908573,0.1725076813209897,-1.3557203952810373,1.8556281124000433,0.1480894197982762,0.590874479989717,0.3676198402097109,0
1.392556430407127,2.00404915245683,-2.425109137822439,1.3195751612274351,2.1181012869348086,-0.5505519317084877,-1.7794168780763924,0.46436986354657417,0
0.9641855971738517,-1.6102751585503117,1.3104820483943997,-2.7367230686131356,0.6152159628327369,-0.9645377949101913,1.5212499636636303,-0.2798103423770061,0
0.1283229732783333,-2.2509658655011426,-3.5335726851924387,3.0076191195550113,0.8581958490255427,-0.8903178480198718,-1.5808489621836723,-1.8437935834807457,0
-1.733708401198054,0.4617729940086308,-0.5274602470044196,1.607884811448116,1.400544122440466,-0.16063111952549436,1.3041639797022042,-1.5428032182428997,1
0.5800002689945974,0.21887790707228438,-3.75764168088647,3.029530857353112,2.5269458208248503,0.16805980596682024,-2.1615756870411738,0.3216785413765001,0
0.7847363960073463,1.277543003992446,1.5342034566540081,-1.9247480547265572,-1.0119432855225785,-1.2992163634458243,0.7363916664271204,-0.1131280525157404,1
2.9669296357978334,-0.8202049866634673,-0.7016133155919906,-1.3570093072765537,-3.104836225416732,0.5904220612514635,-1.3324159367684048,0.7313802525749924,1
-0.6303393796237344,2.239906490938857,2.990325780977093,-3.1571533897736126,2.280888586413079,1.4526167454861794,4.358235812284331,1.0651719657143865,1
2.2744908976534166,-1.2731696036593445,-1.9697205628850978,0.11576215797162465,-0.3579346435014825,-2.839078659485427,-2.223048582960571,-1.1511537365528692,0
-0.27650843111684753,-0.17986243753961562,2.9180254329681845,-2.6067006403385053,-0.30196780207451157,-0.2880388739220764,0.8824040605554635,-0.6277339060845056,0
2.4728274623052195,-0.877344961449386,-1.96852347020304,0.007466930973734305,-1.473077006061342,-0.21560957856802238,-1.4446871431555646,-0.0070449854805546995,0
1.3503386311342445,-1.2412827150748882,-0.6804532466356472,-0.6948708450732058,0.769444815706982,-0.1449045790814313,-0.9298275182390652,-1.5375847964491753,0
0.2187879306043835,1.128464932373549,1.7886949807027714,-1.8032026420429126,-0.2648586496544352,0.2668183962954019,0.785516320747686,0.42154608353656126,1
1.1565930942796394,1.7817709621251276,0.5256974003979489,-1.7264340770112316,-0.36499519602591257,1.0697714549838502,2.450186149747695,0.4968735905075971,1
1.3088071867454587,-2.2143075168348214,-0.3779098725243084,-0.7150729319619474,-1.533795865471077,-0.7282722024066131,-0.9058060170486686,0.5059655534558652,0
-0.5355188940690749,-1.0907319838063005,-1.0624390472003777,1.0485586751763867,0.7541924354853773,-0.3428788615575641,0.6018680914829695,1.813407698515423,1
-0.21885211130358417,-2.370483855003373,-0.8820954375419546,0.6781896566299872,1.6396525320003361,-0.38736196455281124,-1.3213903961115248,1.1395555360254692,0
-1.7064636980022851,-0.5171650348762113,-1.877610385342741,2.6907219985177426,2.122895762364635,-1.0797363212758484,0.7232269304349839,-1.3585740152574743,1
-0.03541630843050414,-0.8196632555668972,2.0832401136961334,-1.98875711605931,-0.9167090885246947,1.8972886947731116,0.5956848695303082,1.6957228778108653,0
-0.24024843070289092,-3.607946860074412,-2.6384582242582013,2.127523744958801,1.698263715427241,0.017613251933657315,-1.3426586516159533,0.2257615231117544,0
0.6766898453496916,-3.6502190772987513,-0.7891414274310181,-0.42591526231337967,0.7312972156077737,-1.3480471119401671,-0.5261764912138024,-0.37058276240078286,0
-1.167900481192102,0.9713474861844931,-0.15831403216669404,0.8424114010087413,2.9097040430835177,0.9294099847908155,0.1355097193610142,-1.1212437400943918,1
1.2339963699690584,0.355595728180802,1.6411674193628243,-2.7447955978689302,1.4715087228456836,0.8447743757816999,-0.2804755708218589,-2.391956204313024,1
0.5793958654817044,-1.1762866346999212,0.7719883664743177,-1.58079857289985,-0.42699818741119544,0.6464895377257707,1.1370197985890995,0.2314459225255723,0
2.5187176978540067,2.1117282593701927,-0.5299688110255414,-1.3538871315944774,-0.45225708489226624,-2.00745686074501,-0.17079048743240177,-0.3631166611555665,0
0.3717600489367091,-0.870825637391141,3.6275089929559368,-3.837623079994309,-0.7499821639105004,0.4751677464953816,0.7167856864650772,1.1038773433162576,0
1.4004498564816448,-2.4028921057076675,0.4912576499341499,-2.0598182422951434,0.6884992629346187,-0.7925234471152126,-0.5483306586274586,-0.9846547848472624,1
-0.7284609427171894,-1.685312280726362,-0.9917669857292509,1.1423711891753237,1.1837577791819778,-1.9955317804517385,-0.0633581959686611,0.2908970575900059,1
0.9908721193084293,-2.15972930497663,0.2876627916908172,-1.5226269675571207,-0.15004041559882886,1.5232386217122582,0.33504947512645533,1.667224111551137,0
-1.2665110280430847,-2.7409367700498883,-2.626360834901253,2.905130097045508,3.1976791055082163,-1.0955193888455623,-1.2454888847361907,0.30767665340111383,0
1.1597881133675316,-1.3457464656817628,-0.28154047796298953,-1.1575979411750483,0.8486870733972146,0.4809080927488954,0.18269125188689506,1.1818910929599615,0
0.3142690816498883,-0.7990786213674381,2.1367311835504337,-2.9978593314740127,1.3104586637571347,-0.07566560432583026,1.9522135610917537,-0.07397286359437803,0
2.178670695122552,-0.5685426730499268,-0.14330590112211938,-2.089014697716492,1.6102782889058491,0.18947982122108065,-0.37343176507494813,-1.2804555710024668,0
-0.11407654661743705,-1.7211987426998967,-0.6156907430410832,0.3137223727926511,-0.3930175233254567,0.9005330773315916,0.768404354463356,-0.5955349351838592,1
2.993453919875277,-1.4822374048552227,-2.1409987015165632,-0.7382456806046016,-0.0373521979721787,-1.1952937635992447,-0.901133069473183,-0.07744346072599365,0
2.820843966643821,-1.5089437086452422,-0.6623159052278418,-2.275225399819262,0.9321887238014344,1.8296202017160872,-0.10692047584327335,0.8929538701087693,0
1.955478907567246,-0.9744041434997593,1.0986283866533104,-2.6678510057769143,0.762082256889067,0.20323595458603103,-1.719506740185793,-0.7790927393767005,1
1.2740780719977765,0.15736308604688132,3.651477122782289,-4.8301890909534295,0.651490056121677,-0.9455068799427312,1.1197184976428955,1.676393027208203,0
2.4322721114721757,-0.37180525132367603,0.6319351503875634,-2.644445465098609,-1.5190220731160726,0.000682818957482628,0.30561297616901784,2.049812095785926,1
0.90653605616118,-0.577345812612954,0.6454597252557606,-2.1796942278687967,2.2090837450552985,-0.09791524644290406,1.5398145904542067,0.5222506360177785,0
1.8198275616708954,-0.7766613572278701,2.467596447852433,-4.716909673043669,2.4905089781034886,-0.0003136726117747121,1.3675138581932453,1.7611881248673737,0
1.285195766833195,-0.45638868017239276,0.9488865767818059,-2.699493974623234,1.513434891521249,-1.6312758154609455,1.6783115876604113,-1.0385438208439723,0
-1.0229129860675013,-0.8239377084416294,-3.9581559499963603,4.5113951896144515,3.2847626195180495,1.8904406851557827,-2.780448032379326,-0.7316317389085281,0
0.929529577814512,-0.5345104518047759,-1.1427878473451383,0.30221186244983583,1.2488247870677989,0.4201915428949916,-1.7024107022914883,-0.9938626748348534,0
-0.23784839921057732,-0.3500510709804364,1.7919768604357116,-1.7872918191210265,0.05320924751207967,0.7760279138434754,1.3535111387210395,-1.317131919946585,0
3.4480373171466496,1.4563441012709601,-0.5117689588098389,-1.9878030922760592,-1.1698523858152714,0.31852100479887446,-1.1028761323337668,-0.950910729687232,0
-1.5010244046779506,-1.970858397807827,-1.9102916382971258,2.527432731659885,1.3435520505455572,0.08416823018569615,0.34523810497714713,-0.6498268854974364,1
0.03279016425268144,-1.6424327750282592,2.3514036487381236,-2.563958422742782,1.5178285275445653,-0.022278979183713316,-0.553487415980487,0.2773584619646759,0
-1.092637159424389,-0.6639228444809965,2.4120068559406613,-2.238561703192351,1.7778758613839714,0.13192796677195706,2.869223219787669,-0.4118233689636573,0
1.6907373915312665,-1.1602651261549966,0.9289975810399699,-2.767274300578973,0.599945149500958,0.15805348992013185,0.5782488154633239,-0.3899237065594453,0
1.993790451964731,-0.7045036833894341,-1.2265179636048882,-1.588567546128613,3.280200674941446,-0.6176416769336966,1.3774074310286606,2.2816518365388427,0
1.2035949585245787,-2.28218498485022,-0.17640444026496138,-1.5643430969057175,0.3725614405927502,1.451001438131336,1.1562995308679591,0.33085130461557777,0
-0.8336689441755065,-1.0325983001724792,2.286910253692919,-2.3029199554548367,2.2772332104920645,-0.8320613048498566,1.9918308776801352,1.991553302204734,0
3.0428333674190866,4.364469885879871,-1.2447560474503905,-0.7380610683665559,0.17243967022211515,-0.3256110521485036,-1.0841060957114639,0.007880184694728152,0
-0.3386241836096546,-0.76347077925977,2.7366410578760076,-3.0056562169916243,1.3261918557947574,0.05119790188108534,2.160787549765703,0.04522270899998256,0
2.8728203729298416,-1.175325702074738,0.24937101097686643,-2.8445606664116663,0.21256366729230014,-0.33078922432755736,-0.8175386138217031,-1.1036698285303692,0
0.0388578224017484,-0.4317685880775276,1.2299760646928444,-1.8174641931395343,1.55168058988638,-0.16563141031763223,1.569409049304232,-0.5938114080687051,0
1.1397560857395845,1.9970886299361146,2.6421930794939943,-3.4681645569150654,0.5750597254679413,-0.2841550979287972,0.9929628562316919,-0.9858038086678267,1
2.395340997883323,-1.4950271739874261,1.4484731446144996,-3.915084234006055,0.1951848593669474,-1.1410085097527383,0.8188847777122445,0.6954024745502987,0
1.0193028644873694,3.602358868389331,1.942603137953855,-2.6461245597274794,0.7720871381731178,-0.8505352787470439,1.6299059681175168,0.6030946849488336,1
-0.8595203894117056,-3.5599729812558625,-2.0761447233122485,1.2971964913669225,3.24464432451852,0.5044832563830169,1.586295759104766,-0.6108576398050658,1
0.4438980206249631,0.27392642950548796,2.58660101167189,-4.128319589339759,4.344033519574632,0.2078025073533134,3.2154267346236893,0.8407344821295493,0
1.7218852779029952,-1.0310144394557368,-1.402991662712397,-0.8049426603213361,1.7166216005587231,-0.08087849786546131,0.5668410372200143,-0.09139955750911445,0
0.727098084005239,1.1439390403078158,-1.1506513582879956,0.8801309342723697,1.5105485872014457,0.32910677871012955,-2.5546937777149403,-0.5859276733177553,0
0.09011944877063804,-1.1073840104411428,0.6258307943091245,-1.0613223240465663,0.9137579529403927,1.0613709648731335,0.4347954089652697,1.1008213984226052,0
-0.43499110833343724,-0.5955365826478517,2.1125115594475554,-2.1343038745372604,0.9402541543282176,0.4373131870389607,1.5870101815511446,-0.37231905293792283,0
-0.45054022677569106,0.048320010066787766,-0.29942325088871224,0.46123414937999063,2.505194089129807,0.8021284586181193,-0.8217493452863803,1.5985381120963413,0
1.160113601533908,-0.4549159561400836,-2.035308932344324,1.0701332396645444,0.8656089350937013,0.0976703767483354,-2.0739287822796264,-0.856498237409199,0
-0.7483525163782037,0.18095426014013039,4.2349290686151395,-3.775996124562404,1.0237857931937804,0.03003147916408217,1.911632146474509,-0.8617030702562581,0
3.17277330610435,-2.7552146063412866,-0.8814034920122698,-2.115761321070935,-1.4534816279072529,0.46248362406685406,-0.4559861433811748,0.9603047962814704,0
1.07976657146411,3.2399872347286767,-1.1253482654531937,0.5281067139124895,2.0010660824353304,1.1717179147161596,-1.4207183531564556,-0.6701152004542329,0
0.8610958818630077,-1.2884818488253607,0.5772827870563995,-1.0963803164347226,0.017309940244927047,-1.5271678565896476,-1.8798623440397844,1.2066081548639151,1
2.285833909861166,-0.6044670039367862,0.8657679727222412,-2.82602189308146,-1.099897735586095,0.3616610612470166,0.28691651999098333,0.5320061988219431,0
0.6989473726151247,-1.5014992194769494,-0.2834799610847376,-0.8899636002428444,0.2060774042696093,0.29815846599052565,1.2498504500564895,0.6032475005713938,0
-0.054143446852892296,-0.9389121245324956,-3.4424309279299794,3.175855825678262,1.6234667989235132,0.696167997159289,-1.6609882776935554,-0.48083378951197936,0
2.3179603782898544,0.4353521009755007,0.2651206458970319,-1.531964384741232,-2.0930634395627186,-0.39622967810175985,-1.8426294837876296,1.2395840064415615,1
1.0510311481075103,-0.6193865199766544,1.131261958671076,-2.6720718997810464,1.4298397013825055,-1.2549226680022925,1.6986541281639824,1.0074439731951985,0
0.9128041176239442,-0.6052835544037938,1.866033800845503,-3.4015754804455964,2.2886808335130913,1.0269862633197322,1.8895100577112083,0.2125740306322149,0
0.26621832805226675,-1.7199780636897413,-0.406866592293917,-0.5517180912762757,2.933879140489032,0.8920675997317206,-0.18078638381031364,-1.8418977729578574,1
0.21045240367371898,-0.09982516278127862,3.4253409716774006,-4.206980859314681,2.0395576967297147,0.12617790366196718,2.426324089796932,0.6820694900626313,0
-0.027051765610255796,0.7997536049262695,-0.48020428945931526,0.3702968932879031,3.3331673136920816,0.02845758118315888,-1.4990882375684091,-2.0650830462563206,0
0.5201288889905433,-0.5313904699776684,2.2874540082593287,-3.083758022903146,0.7286276081534911,-0.8767737812118448,1.4627419665762142,1.2208212988130478,0
-0.3851282422136142,-0.27123816232092135,-1.6903916324978745,1.8471220620173385,3.0894312254801974,0.9567031863856584,-2.2431147634942485,-0.809380821082754,0
1.1906881283588873,-0.1322934876060734,-1.2235936957518294,0.04550016396666785,1.3574824118581417,-0.09184476433495513,-1.056056540973113,-1.4990159604584012,0
0.4279886506498394,-1.3636960802506595,-2.140891357760963,1.3811706022578039,1.786893864552341,0.269294752580734,-1.318933410675522,-0.3998990621311371,0
1.198586284995424,-0.7966425865424144,2.053063871770577,-3.487369932291167,0.698714019447539,1.9351540400602292,1.347652295338855,0.5114995753618614,0
-3.467126967504096,-3.872578649012629,-3.4752544483201677,5.234419151127717,-1.593527155162049,0.26355081195478497,3.5784474447980568,0.3957988487097471,1
1.7984907565135961,0.0193869641026021,0.9508597268855666,-2.1639719693121156,-1.908421605424304,0.03944704824073949,-0.08748991514172744,0.4240668615184512,1
0.797384096830145,-0.48025789276661146,-3.9155728821524383,3.202678313204538,1.4613598752639518,1.5280313593878327,-2.8858544823493006,0.6715311717290534,0
0.18497775560572882,-3.2551402962092797,-1.0924304335485553,0.3601031460216517,-0.6551824564727529,0.2106684652031108,0.4850151901864863,1.0753434019568977,1
-0.3716927651804762,-0.44330241396466785,1.8969558924443808,-2.0329186519821603,1.4116615829468997,-0.2116669819311769,1.5264964546073356,-0.3301200939664503,0
2.173115613211947,-1.8629450889871788,-2.2353945966210875,-0.42138028757346374,2.175888858443627,-2.025807873111377,-0.45623120871027734,-0.41790954576589057,0
1.925693982575806,-1.483861241296097,-0.6798999616006645,-1.3341733826793347,-0.3677742354617648,-2.2168188393540644,0.32415142101637506,1.2795186697601588,0
0.7045330106098724,-2.5040257157399846,-2.3049596989300456,1.3863843122003632,0.5358829907039044,-0.6328802748847919,-1.6465436941192906,-0.9916966634403105,0
0.04897174356182843,-0.7366479777100163,-0.9185779389595495,0.621098675861281,0.9387028981245669,0.47263034584340563,-0.3676084862290635,0.018016872044446585,0
1.124588593903118,-0.9796315276805542,1.251289730255913,-2.8761392577407836,0.5810963714158345,0.664927162301741,2.214676283438263,1.5301951988633513,0
-0.7412751177208392,2.831742609518064,3.4658128935875947,-2.7566566914191655,1.194964453595523,0.7441857103150346,2.1327090440707304,-0.23596998721097162,1
0.6996453363330898,1.603757579443418,0.4157203160510998,-0.8530990657971207,-1.9563488472181594,-0.7280770978553212,1.834603462699156,-0.3600392687569827,1
2.0708542922701993,-1.184129814417774,-0.16642233400730944,-2.385806797696222,1.4339591134115544,0.937915537510655,1.2711484350719897,0.1847104747810833,0
0.03912510876000452,-2.719490284062717,-1.087994719221058,0.5860976863066509,1.6434865408453003,0.22423474453529177,-1.3322341365102917,1.855503314794263,0
0.0161176246725091,3.4854283180461727,2.2403875697818205,-2.2792271184305766,0.9626736958220774,1.1945922205137307,2.6217682547175736,-2.1899217049785533,1
1.257058965850754,-3.2500639441872186,-2.6101536572472206,0.8785827828796767,0.11928070954945669,1.2906444609225471,-0.4841613444620174,2.01527511046064,0
-0.39453752442584944,-1.4873612106122647,-0.39586406801516416,0.19911160089434338,1.9655786401195567,2.196223142152799,-0.07366743472831994,0.16429476537056906,1
1.484656864423837,-0.8751540529943823,0.8986712411127196,-2.809455907481625,0.9139747243560133,2.052972024501663,1.7314348805676465,-2.929448690002268,0
1.0321665520706136,-4.092727086591983,2.4499981678087295,-3.9815891507056937,-1.4686236794986778,-0.5791241096357465,1.9966732155667404,-0.07906734186455629,0
1.5014679676763512,-0.9701148885455172,-2.385191842660675,-0.21207735389703306,3.74940663345368,-0.8966422273152082,1.46456490318075,-0.11066536855732945,0
0.22061418917082676,2.331439472843757,1.4604187484921587,-1.4858157829391179,-0.5033501522353456,-0.7567639770159263,1.7175054727901158,0.23278674294016363,1
0.8454701528107351,-1.4662061418653511,0.7712682192410636,-1.5979884365597599,1.3994753234952881,0.008556080824349832,-1.4667747625694347,0.27658150559104877,1
0.33122485413541103,-0.6947285712537303,1.5080961748849635,-2.501763751493741,2.5900978345313366,-2.6031370878272986,1.3803984847913835,-0.3021805869826214,0
0.09240440348267553,-3.600519385366993,-2.1399577390690316,1.112064373457765,1.8365482622142866,0.3379575282321183,-0.24033221495730317,-0.05592044852221312,0
2.146676352095406,-0.8789354170087644,0.8118412588950692,-2.9320614346834195,0.834277546483261,0.4243939378610126,-0.04321310066411255,-0.7955570679408823,0
-0.7686849946406735,2.9044544260546163,2.7734907448226678,-2.230101280131027,1.3450572364169955,-1.479444223139724,2.704509185058657,2.303638752104789,1
0.17118349950674683,-1.7022847156761762,0.47918217936316587,-1.320928136117683,1.4568293787618913,-0.7121738641760436,1.118995662564974,-0.7076258948220261,0
-0.006197780146330656,0.7532395776393404,2.5389845366598145,-2.633653760968548,0.47428711078179253,-0.7908993816675531,1.5659161747636117,0.7821300015314592,1
0.9177035463916016,0.383804924036368,0.3474568882561838,-1.1620110957071532,-1.3645490052164024,-0.08371795984921201,1.3689702950747875,1.191707497107065,1
0.4416798285809602,-1.0692237349365254,0.48702102541566117,-1.2281733806217885,1.0654898348977437,-0.712220763649051,0.24811827480851545,-0.8810683366612923,0
-1.5793051540109753,-1.1259010183836429,-2.3025016844857564,2.804597721635243,1.3848844184755469,-0.7119732272589228,1.6188751709051976,0.9863765059059371,1
-0.5955050165131914,-0.7663788673735875,-1.854983423784701,1.9790860092653166,-0.9897943065169226,0.7319555025098458,1.450567042185088,-0.6300249795338944,1
2.4442835629793667,-0.0735148069297793,-1.3676274520194718,-0.589968338465508,-0.14785351526730506,-0.736770135947622,-1.5595422106625365,0.5859042011646491,0
2.1199173655735954,1.5291161750630256,0.6838798263486152,-2.411349380858758,-0.7388254953223654,0.04693490206036963,1.0316065570986357,-1.9782252493748103,1
0.5634426551277789,0.7259879191915617,-2.252728223170336,1.6191898346719176,2.4165088824982957,0.37976763604089603,-1.5471077082024784,1.2376537575119981,0
0.5670331443146553,1.5881287762026992,1.2333970014028715,-1.7036853444560935,-0.644940607788113,2.212531039397242,1.8504800423581038,0.16048962397348007,1
-0.6180585065606545,-1.9066003341979854,-1.1432711661139228,1.1845136995394199,3.183283866457158,-0.3202978045366419,-1.7250090425434537,-2.077811819856197,0
1.2971618560368858,-1.5729162525228273,-1.08035304276863,-0.6688441822225686,1.1968692754161265,-0.35667313417987123,0.34184876600034086,-0.18315047105329468,0
0.06843510181491053,-0.3307564407849728,1.4151067151704972,-2.029523851385511,1.8003263706759371,-0.81240234893742,1.5222711234749604,0.678946987762233,0
0.2089307327631884,-0.8107018052923085,1.5070634835647967,-2.3208000243599507,1.226378416624192,0.07715649621771674,1.9964256833116285,0.4283166923752375,0
2.3489372887473756,-1.3013307250524164,-3.2826286389085126,1.3058132366983648,-1.1058115737668315,1.3032780373160637,-1.902965890195,0.18106274277108234,0
0.988330670186111,-0.3238823556705246,-3.1935613280291166,1.9805332500454258,0.857816493019688,-0.8449414385934964,-0.5258004908649867,1.0094717885959688,0
0.6413378935676259,0.3863233217240887,1.309165949800489,-2.1636095673712625,2.490383604140318,-0.5282970466629792,0.1773899280357525,-0.20252422706483003,0
0.07122882463582014,0.6628743724080095,-0.8780321112073121,0.5911464108617251,2.384026551347024,-0.47126374070251964,-0.6138287383249159,-1.6891830379672617,0
0.5438638535900013,-1.6924887874387458,-0.5944734473762585,-1.176947825049567,2.979440594595423,-0.41361566562964275,2.364675253946338,-0.38769991640856116,0
1.2360219692964298,0.03483533664127236,-0.5952741360978552,-0.579193463990971,1.324707218340896,-0.32669621318636405,-0.8921138259532037,-0.15032046027187207,0
-2.9254711696053395,0.3973459599348179,-1.2357640687177518,3.0079693362394435,2.1933277965486973,-1.0902084067994298,2.1750597750267042,0.24365722370271442,1
1.0224268255603193,-1.7156272804262211,-2.0634504893495587,0.8604161533039719,-0.3890143766789398,1.503419828428999,-0.3251567068096688,-1.5614932224418594,0
1.140202012142074,-0.3652107320195507,2.5581641229084484,-4.387881506931287,2.7556348176530534,-1.8800100339077637,2.378634968895875,-1.5350402475323597,0
-0.2305590281166081,4.142077261397787,2.7234893852433366,-2.440519627103926,1.7808987263571887,-0.10633700253131496,2.1714878997598683,-0.18144906924751675,1
1.756348176804372,0.6426698929723338,0.277797622658288,-1.869375287896027,-1.5388289669836195,0.0516609768510798,1.7615764405819676,0.9583858198420424,1
0.5871361479153822,-2.301137318093607,0.8098563835220876,-1.6265999176295536,1.1995718501271524,-0.08809124402907328,-0.8417339321943338,-0.5176925728692147,0
1.3481586273438384,-1.9625677135620347,-1.7895813340376878,-0.1053942864463936,0.8785338801961253,1.2788658133133932,0.5174277441556074,0.22228985580085406,0
0.7215290147887311,-0.08407257982238703,-1.0423316359603254,0.409990918369474,0.4904341287870997,-1.4741321320421057,-0.8847639920373926,1.4288577078135674,0
-0.7413970807889825,-2.0112826998053173,0.5897487899339218,-0.6495832193392357,0.8403835779082484,-0.9878733409007492,1.5875817859558181,0.2837510236615011,0
1.739262687679227,-2.375646954582021,-0.26839007138080695,-1.4809016188076687,0.7468438480794815,-0.6888855425754056,-1.4305291370577904,-0.02230028371805305,0
0.8456511056344438,1.2932889953234499,-2.824888686015427,2.0678487396268563,1.9544949992558434,-0.23701197001262772,-1.6266624603878215,0.961987189071841,0
-4.450198579702571,-2.7997133244581374,-4.069014914211333,6.303587418546995,1.340371422770127,-0.06312301311124825,3.8044895601982978,-0.4166253056154625,1
0.42260650162006874,-0.8285415729659753,0.7630457046521066,-1.4217720046122053,0.7982889881884394,-0.6028206557839616,0.41155861800999316,-0.099094300241269,0
0.7260679174187978,-2.373451456647266,-1.2918179993487158,0.18773465514271762,0.07242631093632279,1.3863493972628433,-0.0603289244807359,1.1535903433169254,0
-1.8723473627536515,-1.8629044282929315,-1.8140411081153947,2.486888416416801,2.3847715433643724,-0.5380477584901385,0.9717287860436329,-0.2563406783724922,1
1.4426854749839935,1.393550473376669,0.352301270605195,-1.0611385559002926,-1.5961072511292693,1.2292147842970504,-0.4544872588795166,0.1786947168104756,1
-0.16349909844947885,-0.8976577440476563,-4.256758308439956,3.9875655060521735,2.568526586668546,-0.8281962729652346,-2.1701452208414933,0.8580141953021454,0
0.210720717840298,-0.08595553866426153,2.9519606824617743,-3.7220844165371965,2.4488933000065414,1.3462257562027482,1.899740428854844,0.46654531145012695,0
0.013571717295999042,-2.263892397950471,-1.317250564711623,1.071699044756489,1.5751388914372026,-1.0496554989099411,-2.1401875522838942,0.5681032051286461,0
1.7832957038087498,1.4637196588786066,-0.560342527910989,-0.5137004743117884,-2.8377296298346213,-0.6342858476894031,0.46583490546204087,0.5964411375817527,1
2.797645624903333,-2.25967473302527,-2.1371760232834607,-0.31661603519343423,-1.4584107801210373,0.8496119885162131,-1.5347261778272303,0.14304876987895235,1
-0.6170807446057736,-4.152242368795466,-2.6433851880918566,2.1800846465942043,-0.3318054593493467,0.4935602043342916,1.1618050798356736,-0.059826143529903696,1
0.6871398306249665,0.16697719764934948,0.07247594534487489,-0.5226715839416982,1.0274161223406697,1.355572935710348,-1.4103987067510992,-1.5708814571259122,1
2.0649229275070042,1.3553513321670838,1.8244096384210655,-3.159751320824749,0.06127110963748894,-0.31030770538490365,-0.8691362909724218,-0.9680457585102453,0
2.80506998613375,-0.0758187436993536,1.4928081878538673,-3.6006927006081884,-0.9911243324869587,0.3933070500053236,-0.6884488266305688,-0.10434279298689192,1
1.4321320759545988,-3.0763883080523486,0.40557678200484926,-2.1405948408298845,0.9344530828549473,-0.2084682105404079,-0.5852717998212875,-1.4840566649243352,1
0.5317287425894308,-0.8888470073318796,3.060645109675252,-3.7013075141264125,0.08407141955287045,-0.9379255765363989,1.208735839267825,0.33855287628591424,0
-0.3194215339922578,-2.496329543369968,-0.4739282527711546,-0.05432735006237854,1.5762774480142578,-0.5237313027714218,0.7255222206183422,-0.13213658890154725,1
0.7054632977954634,-0.6939897336698935,2.3309482151237217,-3.291541159249476,0.860029635692299,0.2579759812211809,1.2572176853681154,-1.548960525053475,0
0.19008566471204968,0.7997443732584267,1.526885288707088,-1.3537569032291914,-1.8650607875027787,-1.7863754653546866,0.9075514438212983,-1.6380290574360168,1
1.083150208364903,-0.9479940248019967,0.2250820171268385,-1.624860919437588,0.4849275584677891,2.8684030556667683,1.0544201332588858,0.012499321907250335,0
-1.0235078222978835,2.311408931029436,3.4655603211752783,-2.820826789479435,1.4758089211909295,0.36414029605466136,3.0475095656963602,0.1493634822711889,1
-1.562622677878104,2.3010271547514884,-0.7525506989141675,2.0180267988162486,0.30622820821123853,0.12626773623406817,1.7307650405142323,-1.055089368176695,1
0.007915404964254469,-2.3945080639778853,-0.9237809797403697,0.24055567699868755,0.294832519263326,-2.4263920705352082,0.9420317471279528,1.2840957939481172,1
-1.347794187900541,1.4128230662455974,-0.6822127662589081,1.6570554899440815,2.1003710485812177,-0.9665878909853152,0.2524553675565264,-0.5984375805810469,1
2.156034808051058,-1.2600139205601857,-0.9176776519268379,-1.2374547523356085,0.34558837162895817,0.8301918118626102,-0.4519877395933891,-0.772659445270824,0
0.3007389767680182,1.3963201084273231,1.4417809458190534,-1.4129890027059795,-0.4886824605041771,0.3076126681891964,0.46484767063945054,-0.14037505890533644,1
-0.9756434098282215,-1.7751753583320031,-1.4700570193599187,1.475037227117935,1.0475803709656935,1.0354434164169448,1.5177936333128244,0.23384802578959837,1
1.1239921256001624,2.565762757868864,1.274422252538015,-1.456080221986056,-1.0178241055718993,-0.18256897437954112,-0.8638540030084805,-0.49693202511797824,1
0.6293444600983606,-1.9920747658675366,-0.8238559392421507,-0.3877878984663543,0.6995070149919964,-1.276304416538336,0.8124801077158694,0.5737444210044131,0
3.1695741682612937,-3.0028825960507337,1.1176723514330833,-4.158752921176183,-0.7713888778777602,0.1986800095474069,-0.18516594373997697,-0.9849931258170151,0
0.34781014325513526,0.6460091472975253,-0.7145197261034959,0.1665745895926695,2.276403265265107,0.24300472205439969,-0.42631045215441477,0.9500158286696456,0
-1.3815235147212976,-1.620992799677878,-0.9816032789320823,1.6596537937050206,2.8150588272277965,1.6406145634882874,-0.9616053368120304,1.362562852712452,0
2.020061460781564,-1.4813787985113307,1.5355079724215481,-3.592011071245002,0.976090105669681,1.4205042872710631,-0.06564481882165885,-1.0986204251778122,0
-0.5142831732503337,-3.1508830104429366,-0.7187511553625723,0.42970355734087945,0.9008320554174565,0.24353020418634463,0.39128528101053817,-0.514782674914742,1
0.6925555904243851,0.23388977994347782,3.839104184046647,-4.7018259242201115,0.571879255854077,-0.13699548944245826,2.2660402104433004,0.6789312900592783,0
2.620836375349744,-0.9057902935825319,-0.8674321792238523,-1.5837259548494926,-1.2973830215429611,1.0539857711828762,0.4757518491522099,-1.189232465077129,0
-1.2249910163778166,-0.9749901511246162,-0.050242872461438326,0.37660422500173385,1.5421070415225469,2.067906338163552,1.7672398273931047,-0.19793772898468187,0
1.5132663086385567,-1.2627817154934684,-0.52380817503927,-1.2598974984214926,-0.06172512845063838,-0.535316712567659,0.9595236030848071,0.4961991873633163,0
1.6701855712395437,0.2727252075767579,-0.035616454995755165,-1.2426597979694265,-1.5428673307968002,-0.22747625995340778,0.2928301757559636,0.3361449630262288,1
2.537343474263246,2.6976348801496677,-2.358064375853471,0.6215182641470517,1.0696587867609815,-2.0820987031889873,-2.346504411277027,0.242882013150275,0
-0.482104652536943,-1.2263625422068802,1.6324568387896952,-1.7487791219162376,1.6553464244666336,1.8577023435377324,1.0772592670218322,1.4974316831796264,0
0.9439810230045693,-0.2551150847440704,0.46366450521689084,-1.0086669038743339,-1.8489916117037675,-0.6382827265284942,-0.03450351562051179,-0.8319549174944512,1
2.7528205900707885,-2.2722544267653983,0.07050855537470957,-2.775899803954333,0.42720475600569097,0.4875602970867186,-0.7838213498913917,-1.1761733365547806,0
1.046318835871737,-1.7972361760169595,-0.5455558176623905,-1.1901410499291707,1.2487952400246798,-1.0513099116393445,1.3341267640280186,-1.8316822472060261,0
1.1995049784269072,-0.3056841344274699,-2.016736245401928,0.9876785754556098,0.5255175608776301,-1.911640550651757,-1.5759056969221432,1.6786746733725662,0
0.6212487891512668,0.010840140874950777,0.4560287614603873,-1.2068130480960442,1.9292664013542826,-1.890010171182943,-0.37419257968430253,-0.24269874782528175,0
1.9685507597915972,2.3915793036512913,0.3318055683772181,-1.6986554803165184,-1.2607782469598254,0.9040175547613144,0.8408759652866196,0.2243396567780826,1
1.3015458148717531,1.181541855937334,-0.3175290393124959,-0.906931987496972,-1.9377479084764957,-0.6327550298850391,2.4084218001678828,-1.542801515209646,1
2.0984679507408304,-1.2773465142555198,-0.7601011284502681,-1.289196995776504,-0.00929742777138598,-0.24268127681203333,-0.39222671785000096,0.7060789138151315,0
1.3393577527600058,-2.3968065966159173,-1.7250214364390914,0.02744034599371385,1.1340458327094778,-0.5898947564628909,-0.8349595007419011,0.5954908976392573,0
0.8238485766287365,-0.609118220503116,0.25775920670818486,-1.241788117270324,1.5512566546145274,0.17847666388538974,-0.3526798936194202,-2.1770650464428547,0
0.9816582031223519,-1.7225453327535116,0.018071597179549648,-1.0034319624297432,-0.5145451678245172,1.5944423917491968,-0.3152959208858519,2.095843501809159,0
0.06981536179516334,-0.7121456855990037,0.28777483307132834,-0.5408190274209712,2.2774676130672953,0.973101561015072,-1.2065227695226142,1.159381043300522,1
1.6615988715176795,-0.9666534542260612,0.44873555048520886,-2.547601860748477,1.1939007488960722,-0.14896930976729691,1.4283536020765286,-1.365824155415439,0
0.31017681214048487,-1.1971421401945954,-1.265147944962231,0.5178283240902782,1.9488706008510093,-0.7097889922335351,-0.5669909849550294,-0.6143231440962944,0
-1.973789947376512,0.41682754650717646,-1.4055044396931808,2.7445321503357913,1.304490015055944,1.0363028920724797,0.8223402130701964,-0.7625192391465982,1
1.4795447177170868,-1.5242435982351923,0.17024643186890942,-2.5203239460767857,2.9519444855092285,0.6082461916849685,1.558265108527901,-0.9457460606967811,0
1.0546518884657923,-2.36593743964414,-0.976407733545978,-0.4551027360477833,0.11030325399538321,0.36064789143579495,0.18234244286557466,1.643378155804534,0
1.0464711573814256,-1.2787522510385279,1.7388375253169488,-2.965633513991727,0.6168596799831255,0.5136144642310962,0.6301410336103881,-0.8927875154918841,0
1.4639789336512659,1.367105196681563,-1.1352946822318226,0.0527214075193716,1.2333792712082898,-0.7725687487562407,-1.487762211307613,-0.3494393272169559,0
-1.5054439327223408,-1.6860332497357198,-4.2927091788856995,5.049048332112992,2.5786138973436095,-0.31823752774262026,-1.8924109686046506,-0.6786430612941032,0
-0.9901267648253292,-2.623962359372865,-1.9252298613127752,1.9425709149408255,0.9623028761759912,0.5583364232117055,0.8314035869824183,0.045491476330752,1
0.8243075201573921,0.7582729504076067,0.26562738440084566,-0.8321957578958811,-2.0351861522550223,2.5115565515844236,1.3348585688363546,0.3467099776049199,1
2.0081853564339895,-1.028681522298086,-1.0544743071618192,-1.0824003548413423,0.25815663636594377,-1.4162270557926455,0.25812731951758283,0.8622235118869771,0
1.4825506606818901,1.5377697938617518,0.10746474982298349,-1.3459015534022623,-1.6402434007292597,0.37006111526895535,1.8932394950918274,-0.33912227927003874,1
1.3949446302922746,-0.619512343610795,2.253197907579775,-3.654675703876266,-0.3726578951573005,-0.07722104522304557,1.370416982034507,-0.6073544332122114,0
-0.36721164916342697,-0.8186880144087275,-1.5313812357768914,1.502198250370486,3.0068461711549523,0.47154238041820573,-1.7079119599701718,-1.7710685530880912,0
0.41436477054121656,0.6639777289871651,2.9626086803417655,-3.8524258132789235,2.7688814916057876,-0.5336003064391669,1.8856631905702528,0.5002404694365699,0
1.040593452517384,-1.0558656645886797,1.531220594505215,-2.579452053673877,-0.12933873458544443,1.3554428011054958,0.4586921394256398,-0.9162741005637249,0
3.126163478788228,-0.681228435146825,0.5151315701276392,-2.8193949382116004,-1.6696389941434133,-1.342127748485115,-1.3873077921754309,1.3995946451457935,0
2.5968720217016728,-1.1935320996872132,-2.0430397264366764,-0.2076757066188092,-0.5368548320897575,0.5221425459339358,-1.561183647496414,0.9784221120280351,0
2.029214776852436,-0.6833067762076729,-1.0883122722276921,-0.9262649366374968,0.4084705542378164,-1.0158788269899783,-0.2878096697019167,-0.9933586995819507,0
2.2466469802152655,-0.9299675669968678,0.05056310478616921,-2.074774590331744,0.013869093684521272,0.21209335307417523,-0.6104373122047839,-0.1643352058853912,0
4.074460008738832,-1.3520950083731564,-0.23018611363621466,-3.4219703938693966,-0.40680550183518793,1.9532591375265682,-0.7586132247609974,-0.7090209576304904,0
0.43511790495037683,-2.095124808747114,-1.1177938053615741,-0.02451944024970233,1.5168239103908907,-0.6769951384585313,0.5111546228572755,-0.952316380738797,0
0.6310968833126964,1.9814966914722598,-1.7817987572702223,1.31665585891206,1.8551643762629424,0.7105491022977853,-1.1557887631194408,1.3934545275244314,0
1.2101207627001906,-0.8292096750094382,1.5018732200296,-2.9852551723539396,1.345409305335169,1.23000057271915,0.8178658070050348,-1.0263692076658921,0
-1.5273671236385944,-2.501911705844986,-1.9786310839177188,2.1659235848435574,2.7703496758203627,-0.4958781720101493,0.9999544767906874,-2.3869298701956727,1
-1.6123614832674,-2.9165944742592664,-2.3591040913743972,2.5821182855330616,2.4191824925784884,0.49150564724678364,1.0270743358787555,-0.17537845589869072,1
1.6355961932522634,-1.1214958228117986,0.07193385989494827,-0.9646939474090341,-3.2173580488490123,-0.15171443357722914,-1.0282770582100191,1.2753907379990148,1
0.6607749018019904,-2.8829157073408154,0.9664987368376967,-2.1167211480362544,0.550754607306035,0.7658782794806148,0.548893249156652,0.20475888240178416,0
0.14906591197393404,-1.3390646211716382,1.6405258134260172,-2.2266884129797684,0.7313809884024534,-1.060605066396601,1.2409432830395153,0.05225849049748321,0
2.3245577743791705,-0.8970789230750165,-1.5072610448030646,-0.39255816377616803,-0.5357071043474062,0.21853404241094568,-1.655861652943644,-1.4152671919241875,0
0.3161303390254758,-0.5319352491047409,1.36719581140463,-1.6878323954349546,-0.02889035651373595,0.4512253193185082,0.3276995534451512,0.9003985883950636,0
2.880225665985992,1.401121588230164,-0.2104726020045955,-1.9726847902436202,0.0510449350726625,-0.2598001407675125,-1.0411359815296204,-0.7811563781311142,0
2.3121549519106877,-1.832698844916588,-0.5639729980991646,-1.8992515576618736,1.0874868101059274,-2.128734094414812,-0.49079106810872064,0.0785770297191498,0
1.8515854524357955,0.921332613668205,-1.5207136810245006,0.2532967291020639,-0.03925421048801203,-0.12205713212127726,-1.7456600581314028,0.7931756882186773,0
0.5635922598273722,-2.158976282461896,-0.9781682769599302,-0.4958931728968493,1.683062562422878,0.47004418736820214,1.4033442818530633,0.4322629506341555,0
1.3206279075878253,-0.558629284361523,2.973566459413637,-5.00073343233889,2.29210751642639,1.0587285298838789,2.9104551041192077,-1.6685992588781953,0
1.9397609220772734,-2.108057107017595,0.8543685258649079,-2.874044598847658,0.003327490192374327,0.4936548476431509,0.14612060976419405,-0.524662407066803,0
1.3684673504128884,0.16462574062081692,-2.96226589192881,1.7485017976694608,0.38176829589439565,-0.6981996746110497,-1.337709016829409,0.6336610247740587,0
2.463498091505543,-0.4093101695125,0.14698377443441846,-2.0606185050295935,0.014419220996607973,-0.19539035117702397,-1.641948347672444,-0.7239903317426091,0
0.944272465368523,-1.2230763577675505,1.7087510398612533,-2.776302095442834,-0.5001068500095909,-1.3724655478841008,1.1810861375136295,-0.501784192811532,0
0.8464950859920972,-0.49123726501052833,1.4156707278241676,-2.419595389978778,-0.7052530209199774,-0.8256536828021421,1.8457460443518234,0.44477380783159476,1
-0.13705225566650903,1.650571100968139,-1.086715918625918,1.235515268347615,2.247663742284547,-1.2790307362197864,-1.066340745793812,-0.27999330187447974,0
1.6204471977858825,-3.765441418069141,-0.39967559303850064,-1.4138428388441726,-0.44286591935948816,-0.4629395120252583,-0.7472757671052046,1.090861670603698,0
1.891134397401812,0.21824578356873903,1.540262194387596,-3.154832743255849,0.5214110493492587,0.29964768783734813,-0.07135246204164147,-1.6158867874104728,0
2.108115858835098,0.6396754047404485,-0.7846225538139169,-0.7270330195087025,-0.42507563641172785,0.1812511626020504,-1.3160134325853692,-0.7380570836613916,0
0.6113192323231587,1.661337251012963,2.521205470842835,-2.9411889849635684,-0.26101192082957914,1.0819848092499422,1.6659128724858379,-0.7798529462216388,1
0.9665214110949041,-1.9527120616051468,-1.5156463719764512,0.16406916414056658,0.7199622529149727,0.33802348110170816,-0.19155552919216534,1.2769653860881878,0
2.3877637394253206,-0.3359126390530982,-2.4430734577527575,0.28586488385290854,0.24240366155067983,0.3883120054234496,-1.260106166916444,0.06008599461516361,0
-0.13531722708660943,1.8947915970446751,2.0824716923788533,-1.9270294714340588,-0.04964794910170134,0.7640297815728595,1.9535028451727992,-0.8343230454915821,1
0.6451221517395296,-2.577636468051222,-3.785907231054817,2.8661946805089644,0.6171428263446541,-0.7893385057196743,-2.0484424552178737,-0.4519493719118777,0
0.7468935350733565,2.2487176483490816,0.5136328198882177,-1.0240600418341301,-1.5921771449650985,0.19405194360587402,2.1854201988656303,0.3207857259326839,1
2.2331543227352126,-2.82527488357647,2.6088913588467775,-4.843079338812288,-0.676727171313593,0.7688396759688968,0.576960304218676,0.04930833152022263,0
2.8052991708512645,-0.39720293791911077,0.8189837917408398,-3.0377068749920464,-0.3079753774879235,-0.7597031174802871,-1.1543441822283065,-0.782003492511037,0
1.1330617864235168,-1.0043400364768105,0.16423330311411155,-1.4619300388456773,0.0030424573016712975,-2.4932708203300775,0.6687833981999097,0.5027448074908146,0
2.566132359243995,0.31001636964505286,1.8395338340269096,-3.899331792166663,0.4446435357291406,0.11314045705302281,-0.5939235875036184,-0.44594371386116016,0
1.831671718235779,-1.017343884238508,0.22300620292739104,-1.7569364796410094,-2.321886357828979,-0.9181269834165748,0.5977438753380795,-0.695694877197064,1
1.5686294805405099,1.0270296676632293,-4.038464506892867,2.526703627110348,0.796167300063871,-0.7773714848459066,-0.8977205661974536,1.146030144142065,0
0.6954065675726984,-1.293895789561963,-1.7765071005868003,0.8641188281913034,1.5476108546333234,0.9134737320174066,-1.3664621081516608,-0.41222074502447015,0
-0.11224442995910122,-0.6165883797519401,1.4200766219929295,-1.9360226897717936,1.7161782543665778,-0.3409078773460798,1.6882722404753472,-0.5193963718261266,0
-2.202431357080454,-2.99390938476279,-2.5643861199437623,3.3368020864357604,1.1591425658354584,-1.1794596645077804,1.7546984246056434,-1.5630343065712535,1
1.641411139391031,-1.797441178406297,0.4303846195173422,-2.1676885187084425,0.013403427494233067,-0.8028244439508423,0.13066169098555191,-1.5769964821909972,0
2.4553901093631776,0.5230823350598678,-0.31452413492174003,-1.1636366065664352,-2.3384856201428965,0.11137260184005242,-1.401190635652457,0.03402741107223205,1
-0.8552096265177644,0.21864608825429177,-0.507455045151372,1.2852214924560659,0.06127441497123598,1.4244958212469476,-0.12433378867180744,-0.8360621521000247,1
-0.31903474892623174,2.2511539463109678,-2.50536511723279,2.8158400406407518,3.249115661818257,0.8282296901846228,-1.9161472026304565,1.6087808557343735,0
0.7429255681816483,-0.2630277879346905,2.43278384204788,-3.3017209518820687,0.7587343068244117,-0.06100397185538355,1.0831810147345804,0.32297450361766816,0
0.9413220120743674,-0.10041503067356516,-0.26046842750699295,-0.6556083486112045,1.1048795184969697,0.08669769941439658,-0.6671836871322345,0.347561613803552,0
2.0305985048097615,-0.38312070583511015,2.2682169302221693,-3.549737718901605,-1.5375629006726204,0.44947391283230687,-0.8136835491751737,-1.1818741254208012,0
-0.4655020791006943,-1.989649844992524,-0.6676474866827617,0.46291374205727437,1.9618533997695677,0.19157739619408962,-0.18262886630424446,0.3556689485632294,0
0.5836918839436678,-1.5961048239125133,0.7514037918744904,-1.82775022412797,0.598629993661711,1.190548594343596,1.3008666070056107,2.1650560678066024,0
1.4883842771922242,-1.3740421429605687,1.3316370102880164,-3.3097272992153046,1.038220064787369,-2.1272274203514954,1.7515504950397989,0.8467707752164937,0
-3.914146075904356,-3.1534100284140263,-4.033424004180775,6.079321150326321,0.756953442096455,-0.21713107494620248,2.642868730715806,0.990166238959289,1
0.2825028600006064,0.3262485206507727,2.7646386524149182,-3.4924260139179433,1.3943677343584104,-2.132595626154836,2.4079617426078688,0.2810092502818063,1
0.7011087711254909,0.8665559020317706,0.3315069768001421,-0.8337174339793424,-1.4398091375364501,0.8394685045184047,1.2035331930765993,0.5333592447054494,1
1.7231145625719282,-0.06917019218132348,2.211386501162671,-4.28139708961535,1.978225765928921,-2.1056469418403245,1.7149225477226837,0.9778155496862003,0
1.60221516530219,-1.2872866648841212,0.88142213963169,-2.4245784459122373,-1.2532323321502234,1.0581183250871502,0.8573873954567277,0.6386601686431024,0
-0.04021181298242671,-1.4497486951865157,-0.47838412801942587,-0.10653151117835374,1.9968767300385086,-1.0766791274710135,0.22389963328779605,1.220282896417717,1
1.239942383240145,-0.9344450764118416,-0.7435854860482998,-0.5346272266022949,1.8577874744757454,-1.17223375343664,-1.5480563981269437,-1.0425776946705763,0
0.5780057561867775,0.45812115038086476,1.5886901010362529,-2.4277814180060466,-0.06177856070697829,-0.22272070077660705,2.4389883284494083,0.9331280723410693,1
-0.918763813284105,-2.283467449993765,-0.31172201669053634,0.105733447422767,2.561321396321196,-0.3975577654917214,1.203162397621166,-0.9701242603796436,0
0.09933841297654922,-2.7335802864430874,-4.019613642468096,3.1060456770839413,2.3763024813118814,-0.15936223214590656,-1.3009113230097453,-0.45784838618248924,0
2.0227012823747095,-0.04921172682949959,-0.5773308731642317,-1.0387409729701855,-2.526579837235766,-0.43112556957509907,0.7073993763424218,0.7828737349485725,1
-0.3213609724022466,-0.2566331978960029,-0.12531363631323988,-0.05250011015177341,2.639880414243348,-1.5978721344948377,-0.025854561408853893,-1.307369782230964,1
-1.7952716016373547,-0.7588744068250339,-1.6882292349201322,2.367330838811214,3.3300598259286227,0.5199021395287525,0.7183349106068199,-1.3734028889697492,1
0.8110134301050786,-0.8948542269544303,-0.5378349211144934,-0.3847810344706646,-0.019183566058287527,-0.18150316213566714,0.10305735724313725,-0.9951484818533795,0
-1.4668677560682444,-0.06020757379664965,-1.2205165325854055,2.0201767614411645,1.7525182699336228,-0.4817659710934752,0.615864357805121,1.8566474365619547,1
-0.7781653022461528,-0.3568046596220451,-1.472812006839362,1.190362650217645,2.9043194289987406,-0.9697437196346744,1.6160279900558963,-0.9855396007209299,1
0.6978341324237667,-0.5331862190361614,2.16910621644326,-3.2094563345943894,2.5487409237553997,1.7963608229269636,0.44583514954616277,0.5027844268951942,0
0.3283277042612722,-0.9682526335929017,2.2337122442476227,-3.744117494456613,3.2195651165101515,-0.40439742318396127,3.4105121001777348,2.271449745422796,0
1.5147203080269547,-0.878337757916144,-3.618791031826079,2.0121728482291528,1.473001401495436,-0.2243189708781048,-1.8978118099875358,1.3111674978026244,0
0.0518424311627248,2.0897521277071087,3.065661906503785,-3.0946998245493686,0.8505610339256306,1.0743180127155614,1.8501419588702324,0.22907468820570256,1
2.1259208950361224,-0.8760715166273825,-0.6033475480311659,-1.3290519085513977,-0.402429058008291,-2.6307301368290634,-0.4234111828945939,-1.5189108250900678,1
-0.4860888686428271,0.017727228225748792,2.9969089142046466,-3.162819789281344,1.441738719459945,1.466540859278603,2.846566556747675,0.6870657958589163,0
2.600077692763368,1.2790953056015506,-1.6329167452667077,-0.2289032289314673,-0.8962595005959539,0.5362909095171899,-1.2623740481307253,-0.06407776414871663,0
0.8699336332979304,1.9301898676639888,0.689996751808305,-1.1339069946553642,-0.9012433467548683,-0.3150867311941086,0.6851162561092408,0.8721970000729778,1
0.8520873302590414,-1.8092748172332644,0.9279444910129341,-2.114091982388529,0.12676127726500885,-1.1780408673763807,0.9591953810947647,1.1834936668899279,0
1.388042546834122,-1.2058573277731863,1.9467994460089018,-3.404959355978457,0.3087393130542635,-1.0147594931858521,0.6351311476333177,2.0860470495371137,0
-0.2737373806536043,-0.692130105318383,1.6095875372621724,-1.6882686559384001,0.4760375405877796,-0.9797212247168068,1.27270826072556,0.4581681147886987,0
1.1046187527174267,-1.1699666432521656,1.4863637925590343,-2.926725231000466,1.3456845837599958,-0.56060763684731,0.8185004528728208,-0.12765468151819012,0
0.8513327899828025,0.6145060572057287,1.5047009176226747,-2.0958951711844818,-0.7732225705417501,1.1464408704007276,0.7458930410858058,1.259233239786799,1
-1.0527594231003512,-1.3909207669150798,-0.729769914147927,1.4164505730180184,-0.17034216295607751,0.5711794062192087,0.11046706857150712,-3.007632339693757,1
0.05094835463487979,-1.8419905132173193,-0.3581695553536426,-0.5130698791303788,2.3411040288558547,-1.2551353719733949,0.6931532780178138,-0.4776455826040052,0
0.08397183463074753,-0.6396384704209721,-2.1334113825230228,1.6676840759413232,2.3758600934916867,1.798725018351312,-1.1873002272644366,-0.8807540896027302,1
0.36923371749489664,-0.9872644721868096,1.631663338310847,-2.6690539824169743,1.3807097277522895,-1.1738799644089726,2.1760431805753635,-0.581782033392054,0
1.6420808677485317,2.6618463434153123,0.22533544015338114,-1.172534174080127,1.3596455396410332,-0.16212397547985843,-1.567375548263394,-2.1961278210999464,0
0.1774781363101532,-2.771147703634584,2.81051494163959,-3.6050147296443082,0.7414470449970042,-0.3726755839519746,1.5283009235518232,1.6296421311127987,0
3.5781343752139643,0.5041362860876586,-1.4898228334981138,-1.0886039168596449,-1.8913637043295912,-1.1071568168024517,-1.756334316490143,1.2960630617813962,0
0.9259627347147839,0.4987767692224161,-2.2836695458167746,1.3388206565501775,1.6474462871354079,-0.4482246163001494,-1.2059713052048235,1.2528426344274837,0
0.9436912987053148,-2.842471758246596,-4.152218598373375,2.757813190505856,1.314850116820961,-0.4124138182164804,-1.9262688389287774,0.5861658003927833,0
0.5567147832410433,-1.7854730460169494,-0.38466093931103296,-0.21196545246061402,-0.7250043310190759,1.78179890877106,-0.38074277886588925,0.7356219972457467,0
-0.31530621506647705,-3.5977212186784424,-2.725111194146174,2.441478605785402,-1.2806898307327894,-2.854626662904391,0.12176928364261552,0.49406391897551966,1
1.9152646709544332,-1.2155360000324171,-1.5965277293217528,-0.31057231770211796,0.7264309168930094,-0.552920837367302,-1.1044398743526131,0.6647027453331099,0
-0.12865647469516983,0.10865846661989931,-0.6210816810053859,0.6499552403182761,0.3789672161429233,0.18568858041873892,-0.03277446362082159,-0.45763324933761523,1
0.7111994909007124,1.5232308527755958,1.8232379971332986,-1.8274846234771427,0.00888551426993378,0.8946471875738723,-1.2485377736456615,1.1947628618769377,1
1.327072671375823,-2.603896516674425,-0.2268237252561639,-1.2050084592727315,0.06612805717735293,-0.09482423128087224,-0.8146054691791429,0.38837572923016833,0
1.2689491147936725,-2.8375166841265744,-2.283689071768738,1.2271337006007217,-2.1630935143293684,-1.2390527025266425,-1.567610223995894,-0.10343122429028392,0
-0.7120668607049034,-1.3192489094050812,-1.6131748737045164,1.3491915758117758,1.0113558871394959,-0.07823065905851781,1.9568572093714138,1.4532754760425446,1
0.0589503046935691,-1.8449195206430737,-0.41668386521379497,-0.3152022361370196,0.8430477162065145,0.7574951493374855,1.1096474018520084,-1.0501407396021456,0
-0.04133990403085486,-1.712837212943013,1.0563429879771506,-1.7010283074503028,0.8854400826479161,1.0235306441853447,1.724495956230745,0.1566937282465246,0
0.8426115606298852,-0.2896581375563225,1.4665671078648115,-2.455517798177744,-0.1337230146189129,1.3522026788671444,1.521152762657554,-0.524567013767051,1
0.9759142028783296,1.7637552314639664,0.5002521536297346,-1.2713921998192046,1.080300923613975,-1.3717431292635056,0.0963990665555634,0.9788895585567792,0
1.563555126365538,1.579243827915478,-0.21982342334862204,-0.9796523345101704,-2.054401768001512,0.2647753109779796,1.5905399716363626,2.4851899166788916,1
-1.8640115706592102,-5.128071412845289,-1.5913288564396306,2.1037354423219097,2.2813656654619234,-0.1962806513879368,-0.40916214327036304,-1.5327005598899308,1
2.095928691139254,-5.3917492321240745,0.002434375177712278,-1.7853414578458917,-3.539396767334079,-0.34730228895784293,-1.5364598955767699,1.4350873992222355,1
0.9542898467401489,-3.1000876077192214,3.1869225188356305,-4.468978591295858,0.7865614201890063,0.07227896538428889,0.4225883825904484,-0.13216935564437185,0
-0.3404731340559216,-0.34457609890571084,-0.3514992450509097,0.33883002390087735,-0.16300461061876503,-0.10128071870153288,1.2427923266757308,-2.0217986399619474,1
0.10955533675333518,2.014924031822069,1.8459002928252932,-1.7138581641740305,0.1136664013383859,1.057368305378225,0.9087196837335013,1.218194711754256,1
1.5724051967604904,-0.022443970841448557,0.202681936318985,-1.4978171555589888,-2.0466438205717346,0.5507975722736632,1.043672733945267,0.4080528468367557,1
0.8369385120882685,1.3962946241553666,-3.1902671851058684,2.526957643573361,0.9554668074045201,-1.7931064525345768,-1.341251823971342,-1.2644984069549656,0
-1.6870712174917015,-1.8935449916089768,-1.609566360393679,2.724460615054294,-2.288473035077086,-1.8363597837703973,1.691651631532742,-0.26864575330974255,1
1.126058179631438,-0.738333890554967,0.6101098938191294,-1.6957831384042075,0.1845945629753224,-0.08606969279089306,-0.08021399823747422,-2.0755880090785332,0
-1.720237261284876,-3.9104997386815334,-1.3654061835218285,1.9048799984670843,1.844572508290903,0.18641616974404632,0.11277874103206109,1.1168337755299542,0
1.3943820521589243,3.7765144906468393,-3.3227766113044077,2.617556113566751,1.6163590692527197,0.4486357645145273,-2.3857196380280197,1.4621959387176369,0
1.2337862768574017,-0.9088214314059871,2.070741898931874,-3.5571289452154424,-0.20714800525494792,1.5886269280435958,2.0519120903556214,0.14098269961206,0
0.6000678810964989,-1.7720188770580114,0.6853035439619124,-1.4870379309760318,0.32537504910087334,-1.123494033239598,0.009464861555371407,3.152056734512085,0
0.0029511283094880714,-1.302932906147438,-0.6305929459060517,-0.13794972346664686,2.271615106839793,-0.4030759890650308,0.7392527584182871,-0.6749340187905523,0
2.622331292697117,-2.3831188184424232,-1.6191305793544517,-1.2796773681409415,0.9551960610273145,0.2927154821418534,-0.42758296375968086,-1.2883076174635377,0
1.4542570156828636,0.9678737333818738,1.2748010290281975,-2.221857166047984,-0.3618604064197557,1.3119837385739466,-0.27176912816457977,-0.29748220087385013,1
1.7301212300757651,-0.2969054302783658,0.9665388396475895,-3.271218708394909,2.4785558633754987,1.4891131083282896,1.7905058319133835,0.5055892418358746,0
0.38581091755503416,0.060807864136913636,0.8896074381060197,-1.1995843084893123,-0.5071088914742421,-0.966246319753254,0.5780440904400403,-0.484173951248737,1
0.9381164870495406,-2.1229314622801283,3.205645865534935,-4.265793730031432,-0.04079716532568112,-1.60027110450371,0.7569235185409051,-1.388542553831211,0
-3.734598766339932,-1.2668904831697467,-3.383175902767071,5.061931451035222,1.8063222011726097,-1.3656174041901494,4.357711910775082,-0.4235985817281771,1
4.241292917178763,1.76426913823527,0.1282356911817848,-3.1362065579139276,-2.0009845087092635,1.2302221756507876,-0.9860709778639231,0.3791531187261241,0
1.4632563423687737,-0.8036249563776104,0.4989428610329456,-2.1537562379475426,0.9013515836533991,-0.33638694541113623,0.5381126931941951,-0.26265952031616774,0
0.5027908312527922,0.3094133364610945,0.9882861752504595,-1.2337406089982925,-2.247265548686248,-0.0350076100062359,1.299795068598311,-0.9899577925520139,1
3.0647342782436895,-0.33555784108704956,-2.251683378416552,-0.3035333165472679,-1.2844635442292494,-0.49757083838520716,-1.0260134932323655,1.0018248536819372,0
0.696410860620625,0.24626466623836807,-0.044478444238072345,-0.8132921211987931,2.4836900187897752,-1.745707432859652,-0.6276802386587743,0.04435879751560705,1
0.544193867668699,-1.2164244818530026,1.4921405703258661,-2.9840867589121407,2.750917624599606,-0.36920720044744615,2.3262231384923844,0.8419836954521269,0
-1.14458899707407,-1.8099931519413055,-1.2183570331221776,1.5617823967764084,0.9258314968497899,-0.05751775300546313,0.806558148488993,0.4929864585144592,1
0.45583852223057186,-1.2222692214056665,0.8599714517914723,-1.4975460927874342,-0.503312639124806,-1.5431182279428703,0.9139217880820522,0.025210867540082116,1
2.11857678473749,-1.8039261811587064,-1.4811644132395334,-0.9541845811351448,1.2347293251374487,0.04600274725327412,-0.2366895620149072,-0.23811043631205406,0
1.8667119908847392,-0.66341353798095,1.7226753087492228,-4.126093444576226,2.2840241276130926,-0.16036008104483077,1.8493800473103508,-0.049029340838036735,0
-0.07263506966702105,-0.7526123488568063,-0.11616596119861677,-0.04317755690041529,1.9521065048378694,1.1785126897984228,-0.9786215483869296,-0.005560293648070566,1
1.267326496231199,0.05177221139688082,3.3253618318584692,-4.5169054015283425,-0.15134447708394183,-0.26764109089879357,1.617557661552171,0.47347189903522846,0
-0.2753034616688934,0.6222845940416049,0.268334498274877,0.018243543287380787,-0.25856295996037804,1.0059245117964166,0.5396168159983519,-0.40930847409572124,1
0.4681164581671533,-0.33038317365035264,0.6678482697206392,-2.072221660039522,2.4377514573974084,-0.9823035803773146,2.7802016066061546,-0.05390484900573916,0
1.0981169615204438,-0.5644666042090782,1.078012639576424,-2.213576884345439,2.2820770387227434,1.1277802506338985,-1.0119127261725325,-0.06040372919690829,1
2.445814401245838,-0.7232837434835624,-1.7664121491248945,-0.21771804115617663,-3.6857076155185244,0.3958197810959231,0.617451576980906,-0.17909328501615626,1
1.4686426053930823,-2.2111071372497046,0.6761113150287794,-1.7498763033381066,-2.318133723758386,-0.3365525898781734,-0.6876980688572898,0.15449366559525113,1
2.695776681946838,-0.970225560557315,-0.3020299079680173,-2.0855345975742323,-0.0789578748776445,0.3631156277445234,-0.8864088092399576,-0.6082265074447593,0
-0.25515995427833005,-3.5569628024009674,-0.7263653091644615,0.11634295100728802,2.2153588526087598,0.996118214911129,-0.4671088714062114,0.13988723283912738,0
1.7048725942936547,0.8497272700517364,0.29379908986403824,-1.7682006926122456,-1.6410777840461575,0.21273977585766032,1.6561110071176048,0.25866114785538813,1
0.9502778204515043,-1.3385353345210982,-1.4084087880151692,-0.5091226045417863,2.6139226644509987,1.9412174364637491,1.560900513420219,0.6654168236917787,0
2.096042154435875,-2.724119998880863,-2.6521663150493935,0.37411106819804363,0.552002055283785,2.046862195719558,-1.430135166863733,-0.22247489677826537,0
1.5454451151854132,-0.6295681260651399,-0.34392206777104506,-1.6622943544946307,1.9159948966809808,1.1013229577357622,0.8825197539942545,0.4441983272906719,0
0.6646332728071824,-0.9827463183592178,-0.3078851721151572,-0.5933800860044143,2.499987820045065,0.0798014840587331,-1.2489748199794592,0.8595848723435562,0
2.7941481129839723,1.0284753931360715,-3.002641820170753,0.63420295769314,0.025240123668783254,0.15776143929376948,-1.0798806957539784,-1.3902219251534627,0
1.8801336233511907,-2.060344360858858,-0.05721742141110542,-1.8330266845155052,-0.07161754150108735,1.063940987560856,-0.4540198439328891,-1.7760117540484022,0
-2.4762355913130216,-3.2670188241062785,-2.424026089867702,3.2955734516569657,1.3238107587214825,-0.10726476581094174,2.18020271868241,-0.01987363536831157,1
0.4823313839367841,3.141750466778539,2.1678622639783702,-2.2958132078200664,0.7796517614669789,-0.035825578706462934,0.9550640446662372,-1.1115802495135512,1
1.309907365358922,-1.246715098799017,-0.25052374133607436,-1.275656460479534,1.0737239270579344,0.10940847183297006,-0.12990852843173584,-1.2374266382225725,0
1.421454470981676,-1.1992519263724473,-0.487113010361496,-1.281504971058169,1.2933663822510815,-0.218653277435036,0.3147873009942107,-0.4545477187434442,0
1.5077003347535025,-1.3056362875092131,0.2511173359195177,-2.294787442623569,1.7551210104319521,-0.4159669279473586,1.088513118264028,-0.09662367001488972,0
-1.3147049070042374,2.8909817970255327,3.6332132074095567,-2.7052431901888854,2.0805292078567885,2.3079162506161106,2.9550742125471636,3.2430929695947333,1
0.9661724849567914,-0.8750620577241204,2.1207161932972505,-2.720359079975025,-0.8984041426116092,0.13429649724779288,-0.40445855460769375,1.1701987091966037,0
1.7009681274533355,1.092044026606271,-0.7737045360739153,-0.2843818252524953,0.49402451683802484,-0.8342818100346248,-2.098511498004252,0.5152943216244674,0
0.288389962747996,-1.1612868506911342,0.11792111797788773,-0.8851436142301267,1.6656089747619136,0.8764556455029355,0.36332653636764256,-2.1523835446091804,0
0.5699170279410534,-3.5245234920564577,0.23619956663057562,-1.1195386840033104,0.4851112528928607,2.814654444472553,-0.9781225902144006,0.7007006121205837,0
1.1514247059211036,0.612875597105246,-0.014562305063810954,-0.8458317726383897,0.889971896861668,0.5483196275544987,-1.0644545346285557,-0.08743532877718108,0
1.4494497853578474,-1.67533249676387,-2.4495748866536036,0.8156555156333728,1.3980758486847784,0.2215584736242106,-1.560538918252735,-0.11348064588214118,0
1.5082554497694574,-0.4321005482505421,1.8575619836721444,-3.788722769900595,1.6327843990728441,-1.3554475031122892,1.8467142393208946,-1.7938924978678903,0
-0.6781201591090096,0.7413994646513105,-1.8011807696190751,2.1312889517345437,3.1386436103718722,0.5925672738473307,-1.2017056619726723,-1.3668583632808264,0
0.365215205131582,0.9714278325597505,1.1540464822511913,-1.5237693030414503,-0.470904627839269,0.07287409801551539,1.6421911754887804,-0.06468860503251848,1
1.3314464140423534,0.7809407543778316,0.9995381008322716,-2.0391042572820632,-0.8520617594080788,-1.2935076252040958,0.8129182143050286,0.07125374991089249,1
1.8478239086918133,-0.5161849474607861,-0.4295520072868204,-1.944649575743416,1.6994582902088935,-2.5322460852196853,1.5409911767774376,0.4359753895000459,0
3.0958554477794293,-1.379337013287443,-1.677775172150648,-1.0383925233211373,-0.5551243999064688,0.570507208354516,-1.4621148020869976,2.184096733380456,0
1.233619763358607,-1.45741017327986,-0.13201085846744465,-1.800377022499528,2.3973693810536236,1.8071966436378852,0.9913146965561134,1.4509275482792119,0
0.7618721028432808,-1.7617272939430555,-0.3011660312500011,-0.8336865230510734,0.4453654748459235,-0.3882430535215389,0.4399416886169729,-0.1108125602790875,0
0.9580721326511403,0.14805240219415627,2.4871576141650023,-3.608447371432555,0.9547831554732867,0.7719201548366751,1.515267173693862,-0.17280173739646437,0
1.1109185283142524,-0.13904406956098658,2.1649250541099025,-3.7214447206849712,2.0573030085113455,-1.1716543473175618,1.7616866959765833,0.018819049740598424,0
0.3811254347865457,1.064692283384284,1.8721838900322956,-2.1456639870613494,-0.27688380534200907,-0.032280611049470324,1.3090655871933126,-1.8400777445057528,1
2.4376595283129783,-4.310130247410337,3.0425484210457308,-5.543781356242581,-0.7153536782631447,-0.9425580057918763,0.12884481167739992,1.669069525826331,0
0.509417258150962,0.529992343413479,1.064059623279838,-1.365928312663361,-1.2065038607091274,0.73463754545933,0.9345200865941814,0.6928557558178116,1
1.1733973608839687,-0.8233349828146013,1.4089015715206914,-2.2397176241387857,-0.8222573364108066,0.33868731792169,-0.4779398907232715,-0.1421465369405461,1
0.49887278027307114,-0.06544816902397033,2.973618255958296,-3.8689457509490577,0.8766144403424073,-1.0753123930492379,2.4772176483573447,-1.2070216478572156,0
1.391800054486797,-1.6192782127145382,2.899791227533008,-4.969164123398245,1.7830407589721604,0.07814306296964744,2.431427847224013,-0.8162172445419648,0
1.3863018949780674,-1.9190940321241714,0.10164582500649044,-1.438534224233064,-0.06824465995756457,-0.15129922023252232,-0.8118812038086545,-0.36550593698526584,0
0.28304003232809394,-3.032968329036988,-0.044461198603807706,-0.6055182626873756,-1.3923039114076419,-1.1260539609110503,0.7811221245610349,-0.8568518651277993,1
0.551767614016228,-3.066882464644468,0.13906877696470232,-0.8312104222177107,-2.4802658442092,0.38343503140364416,0.7109567026227261,0.49470565377503245,1
0.5911030428508862,-2.120769002361267,-1.8031712223115948,0.8526948310700257,-0.01306065642624099,-0.23950192202174977,-0.16060250554086664,-0.09294420661358828,0
-0.6856967207299276,-1.2312457357134239,-0.8430752755923367,1.0215326166805108,-1.1579023328670028,-0.5092133625991345,1.7525897024574661,0.2783486346446696,1
0.7949700874472329,-1.3991901354081273,-2.011720496675317,0.993119993294589,0.5374981044761692,-0.059415181272494094,-0.6895749747428475,0.9495945713644882,0
1.02808083853107,1.3442347323117394,-0.6342339871101205,-0.2752775218616125,0.8900206816703727,0.7608466543114778,-0.040629553520089345,0.8875039674140593,0
0.8362075518180005,-0.7016240360391046,0.8578333456580334,-2.0414320041866407,0.9854067590709947,-0.5892716517893062,1.1085707711145794,-0.002403840918853844,0
-3.2633273539187027,-1.9358969584812344,-3.297822591979971,4.943236297592225,2.065182047264482,0.605606232631313,1.911289368256512,1.5091310134045506,1
0.2335520332662372,-1.97697434030722,-1.0913704298839408,0.526313837011159,1.6523781388128378,0.7510994545073101,-1.348386270178113,-1.9754877712171375,0
0.24963563676970935,1.9861496459522696,2.3463141909563427,-2.6788765469405105,0.7902446346235774,1.0071333364731596,2.146378372977968,-0.9733788380270346,1
1.0801920463321826,-1.310248231723286,1.164300884735815,-2.091360776872945,-0.33436737741767897,1.9114190871397234,-0.4298481415473505,-1.0708524186844388,0
0.7679679027826013,-2.2898369974343735,-3.081282341300144,2.1402575274433864,1.1677823617597594,0.27926783821652595,-2.4197152294214446,0.7499002394237105,0
1.7567743245952139,-1.1828054695478198,-0.7250035618486275,-0.8677308487540527,-0.8948025108160138,1.1373145423647293,-0.34730069944053166,-1.1533505105959594,0
-2.1740091482509643,-1.9385559871567524,-2.4842256171560244,3.394008151046801,1.207751628708825,0.7034279167873088,1.7158438812483352,-0.9741218462163683,1
1.1193434289666437,-2.153833997930418,-0.4037349176707249,-0.8558633068785958,0.23118248743666925,1.3035079319347591,-0.6252656232912621,-0.97536602727825,0
0.5714623898190813,0.009123352945717644,0.05588645257506697,-0.6943271709863678,-1.6528766898390757,1.3313390619884031,1.8499637809618559,2.1247714030169615,1
0.9653495149888232,-0.07739784647324488,0.2696331829340928,-1.056834784225138,0.9605525301678621,0.3116528560047783,-1.050464757635052,0.38130961226478466,0
0.9946726154312155,-1.5330279328773837,0.8835422971914466,-2.798326335889035,3.32058260159335,0.5697603571986469,1.5401885333052683,0.4914294527201998,0
2.1969604043817803,-0.9957550724767615,-0.8800043260355785,-1.2801470852659655,0.23529133982375638,0.42544486418417227,-0.32118839886233386,0.18517553682991406,0
1.46423411343145,-2.60911189484479,-0.68726399922343,-1.0952742253760852,0.9652261368365875,0.15946250680412918,-0.6005198090658379,-1.2172826922204794,0
0.3198057040263189,2.3619524359005077,1.734889684984254,-1.7588733434787405,-0.03774758522041055,-0.8369207037962799,1.067353282335374,-0.9163209190734197,1
1.6238794806599586,-2.034254361161013,-0.855476779393685,-0.8097288080411886,0.1425262308775277,-0.6273134459513029,-0.8656840453388046,1.1806409124521446,0
1.1144180116920606,-0.19811341338412658,2.440556004826056,-4.116389096568458,2.66246604484307,-0.5014021468856367,1.9104663145213592,-1.466785190615677,0
0.14470698779729385,-4.3059510439097375,-0.982107565651406,0.08153891728711837,1.4936439562706765,0.0022879361435040493,-0.8580685541208259,-0.2430611988808665,0
-0.10475037404319854,-0.5553707561694275,2.2600055064016873,-2.424577838881305,-0.4359458701822585,1.6284685547723217,1.9826630391809927,-0.9647054257507148,0
0.22682005310878983,-1.1005329373372745,-0.2923121947217511,-0.24579374529756529,0.6852239252823532,-0.752435237353035,0.17882393778738837,-1.0022170189267248,0
1.847292358595652,1.7124800187338045,-1.802737895290805,0.6366011285336667,0.320307569469793,-1.0398065310268843,-2.027757355204841,-0.4547947173776929,0
2.61157813457322,1.956298392040809,-3.94414512547543,2.0075562565030256,0.5947853311127764,-1.4055630538562867,-2.4629468072718197,0.02263085267686914,0
-2.0600652063829266,-1.757462156010717,-0.6022907633519164,1.7245321700068823,3.468536748603692,-1.889649292096153,-0.6333837621853073,0.3111099911431952,0
1.5227791882404937,-0.4338687119554254,-0.5620760681630759,-0.4823825319174835,-2.7346852692959223,0.604120889588518,0.032628064555142666,1.0683793336940164,1
1.922399180978037,-0.17489100087797138,1.1382797565150389,-2.526058950579654,-1.086455344591692,0.8201581867554845,-0.47398744746047616,-1.1430193120737286,1
2.6720786039475946,-2.127744178113725,0.6527115800200574,-3.096769421979424,-1.7819670224326658,2.042076040143744,0.30664618627008156,0.10343812930810638,0
-1.4504814727811615,-0.7702114172619944,-1.3306427086061552,2.1339088644607833,-0.04616646907891209,-1.8593367716600575,1.3493103008673883,0.7978437798957666,1
0.39803115692552715,-0.9483650149677215,0.4676912621407815,-0.9777522102653851,0.5594712440054541,-0.21345677935043825,-0.1914963969752561,-0.3270173176097711,0
3.985559572875019,1.9110175897318071,0.0309622551652875,-2.9643520207586365,-1.3590991589098746,0.004229858994151577,-0.6773968274222033,0.8913036868697555,0
2.3410474945205646,-0.5348245647633945,1.3913067179555951,-3.615940333768179,-0.31346932922698456,0.13106518621584873,0.9406941157522144,0.4004813865063287,0
0.7709544863051466,-0.7427482316186719,1.9880762501233427,-3.312773943094325,1.43733785954422,0.5156280884439565,2.089208572308133,0.9753124584779789,0
-0.6652930532149404,1.8351066038331625,2.950791256392912,-2.2528947381988744,0.9169919325624285,-0.7191094514491859,1.197530864301426,-0.8239354869719996,1
-0.6259791198738154,-0.759572100079805,-0.03496588190482808,0.16612196947231417,2.562686121290028,0.19484234027013805,-0.4462402218804272,0.46027162498230384,0
-0.8995507828338771,0.7097535677602926,3.1199605290151666,-2.6105262245543384,0.5281828736349332,-1.066234931899225,2.637194803741764,-0.8153756283161211,1
1.841315326636235,-0.6748076049006125,-0.8827429747910964,-1.6690142882305208,2.989899027056534,1.6291663649009451,1.15262799456749,-0.965664803523208,0
1.9368152698009182,-1.4353801796778478,-0.8054078742203845,-1.9382872111790947,2.654968484232417,0.8347513263248821,1.4026143232862036,-1.0921636327180897,0
-1.7159795394991253,-1.9236847469944287,-2.2573319930263267,3.061818382847155,-1.0298338285959132,-0.2867942357382693,2.058479403961047,0.9976320769202445,1
1.767326428923734,0.10974913440714529,4.841465646867359,-6.415564065953263,0.6148708858259404,0.5740712208940013,1.3282660371650246,1.5898389781806839,0
2.373297959341027,0.47977169869012415,-1.8868105390404768,-0.2774579772852245,-3.987898143897202,-1.1140464501619933,2.775778233617674,-0.8110008636288448,1
2.100378156997694,-0.9092591620666294,-1.4339917844306427,-0.427148346749153,-0.3383292598098695,-0.031203488939083975,-1.0254193606740454,-0.863493604964934,0
